{
    "alphaBlendingSupport": false,
    "antiAliasedFontSupport": false,
    "appTypes": [
        {
            "memoryLimit": 32768,
            "type": "background"
        },
        {
            "memoryLimit": 32768,
            "type": "datafield"
        },
        {
            "memoryLimit": 32768,
            "type": "glance"
        },
        {
            "memoryLimit": 131072,
            "type": "watchApp"
        },
        {
            "memoryLimit": 98304,
            "type": "watchFace"
        },
        {
            "memoryLimit": 65536,
            "type": "widget"
        }
    ],
    "bitsPerPixel": 4,
    "deviceFamily": "round-208x208",
    "deviceGroup": "Watches/Wearables",
    "deviceId": "fr55",
    "deviceVersion": "722eeea457636580f75a28ae6c94dcea8ad83696",
    "displayName": "Forerunner® 55",
    "displayType": "mip",
    "faceIt": {
        "analogHandles": [
            "style1",
            "style2",
            "style3",
            "style4",
            "style5"
        ],
        "digitalFonts": [
            "sourceSansPro",
            "leagueGothic",
            "notoSansCJKTC",
            "qumpellkaNO12"
        ],
        "fontColors": [
            "00000000",
            "FF0000",
            "00FF00",
            "FF00FF"
        ],
        "templates": [
            "roundAnalogTemplate1",
            "roundDigitalTemplate1",
            "roundAnalogTemplate2",
            "roundDigitalTemplate2",
            "roundAnalogTemplate3",
            "roundDigitalTemplate3",
            "roundAnalogTemplate4",
            "roundDigitalTemplate4"
        ]
    },
    "hardwarePartNumber": "010-02562-00",
    "imageUrl": "https://static.garmincdn.com/en/products/010-02562-00/v/cf-sm-f2980632-d084-4bc0-a08d-f958680e2042.jpg",
    "launcherIcon": {
        "height": 35,
        "width": 35
    },
    "orientation": 0,
    "palette": {
        "colors": [
            "000000",
            "0000FF",
            "00FF00",
            "00FFFF",
            "FF0000",
            "FF00FF",
            "FFFF00",
            "FFFFFF"
        ]
    },
    "partNumbers": [
        {
            "connectIQVersion": "3.4.2",
            "firmwareVersion": 801,
            "languages": [
                {
                    "code": "ara",
                    "fontSet": "ww"
                },
                {
                    "code": "ces",
                    "fontSet": "ww"
                },
                {
                    "code": "dan",
                    "fontSet": "ww"
                },
                {
                    "code": "deu",
                    "fontSet": "ww"
                },
                {
                    "code": "dut",
                    "fontSet": "ww"
                },
                {
                    "code": "eng",
                    "fontSet": "ww"
                },
                {
                    "code": "est",
                    "fontSet": "ww"
                },
                {
                    "code": "fin",
                    "fontSet": "ww"
                },
                {
                    "code": "fre",
                    "fontSet": "ww"
                },
                {
                    "code": "gre",
                    "fontSet": "ww"
                },
                {
                    "code": "heb",
                    "fontSet": "ww"
                },
                {
                    "code": "hrv",
                    "fontSet": "ww"
                },
                {
                    "code": "hun",
                    "fontSet": "ww"
                },
                {
                    "code": "ita",
                    "fontSet": "ww"
                },
                {
                    "code": "lav",
                    "fontSet": "ww"
                },
                {
                    "code": "lit",
                    "fontSet": "ww"
                },
                {
                    "code": "nob",
                    "fontSet": "ww"
                },
                {
                    "code": "pol",
                    "fontSet": "ww"
                },
                {
                    "code": "ron",
                    "fontSet": "ww"
                },
                {
                    "code": "rus",
                    "fontSet": "ww"
                },
                {
                    "code": "slo",
                    "fontSet": "ww"
                },
                {
                    "code": "slv",
                    "fontSet": "ww"
                },
                {
                    "code": "spa",
                    "fontSet": "ww"
                },
                {
                    "code": "swe",
                    "fontSet": "ww"
                },
                {
                    "code": "tur",
                    "fontSet": "ww"
                }
            ],
            "number": "006-B3869-00"
        },
        {
            "connectIQVersion": "3.4.2",
            "firmwareVersion": 904,
            "languages": [
                {
                    "code": "eng",
                    "fontSet": "ww"
                },
                {
                    "code": "ind",
                    "fontSet": "ww"
                },
                {
                    "code": "zsm",
                    "fontSet": "ww"
                },
                {
                    "code": "vie",
                    "fontSet": "apac_vie"
                },
                {
                    "code": "zhs",
                    "fontSet": "apac_chn"
                },
                {
                    "code": "zht",
                    "fontSet": "apac_twn"
                },
                {
                    "code": "jpn",
                    "fontSet": "apac_jpn"
                },
                {
                    "code": "kor",
                    "fontSet": "apac_kor"
                },
                {
                    "code": "tha",
                    "fontSet": "apac_tha"
                }
            ],
            "number": "006-B4033-00"
        }
    ],
    "resolution": {
        "height": 208,
        "width": 208
    },
    "screenRotationSupport": false,
    "worldWidePartNumber": "006-B3869-00"
}