{
    "appStorageCapacity": 131072,
    "constellationConfiguration": [
        {
            "configuration": [
                "GPS L1",
                "GALILEO L1",
                "GLONASS"
            ],
            "name": "World Wide"
        },
        {
            "configuration": [
                "GPS L1",
                "GLONASS",
                "BEIDOU L1"
            ],
            "name": "APAC"
        }
    ],
    "display": {
        "behaviors": [],
        "isTouch": false,
        "landscapeOrientation": 0,
        "location": {
            "height": 176,
            "width": 176,
            "x": 104,
            "y": 174
        },
        "shape": "semi-octagon"
    },
    "fonts": [
        {
            "fontSet": "ww",
            "fonts": [
                {
                    "filename": "FNT_006B388800_CDPG_ROBOTO_15M",
                    "name": "xtiny"
                },
                {
                    "filename": "FNT_006B388800_CDPG_ROBOTO_15M",
                    "name": "tiny"
                },
                {
                    "filename": "FNT_006B388800_CDPG_ROBOTO_18M",
                    "name": "small"
                },
                {
                    "filename": "FNT_006B388800_CDPG_ROBOTO_20M",
                    "name": "medium"
                },
                {
                    "filename": "FNT_006B388800_CDPG_ROBOTO_23B",
                    "name": "large"
                },
                {
                    "filename": "FNT_006B388800_0000_GARMIN_20",
                    "name": "numberMild"
                },
                {
                    "filename": "FNT_006B388800_0000_GARMIN_32",
                    "name": "numberMedium"
                },
                {
                    "filename": "FNT_006B388800_0000_GARMIN_30",
                    "name": "numberHot"
                },
                {
                    "filename": "FNT_006B388800_0000_GARMIN_41",
                    "name": "numberThaiHot"
                },
                {
                    "filename": "FNT_006B388800_CDPG_ROBOTO_18M",
                    "name": "glanceFont"
                },
                {
                    "filename": "FNT_006B388800_0000_GARMIN_16",
                    "name": "glanceNumberFont"
                }
            ]
        },
        {
            "fontSet": "apac_chn",
            "fonts": [
                {
                    "filename": "FNT_NOTO_SANS_SC_MEDIUM-94_19",
                    "name": "xtiny"
                },
                {
                    "filename": "FNT_NOTO_SANS_SC_MEDIUM-94_19",
                    "name": "tiny"
                },
                {
                    "filename": "FNT_NOTO_SANS_SC_MEDIUM-94_20",
                    "name": "small"
                },
                {
                    "filename": "FNT_NOTO_SANS_SC_MEDIUM-94_22",
                    "name": "medium"
                },
                {
                    "filename": "FNT_NOTO_SANS_SC_BOLD_94_CHN_25",
                    "name": "large"
                },
                {
                    "filename": "FNT_006B388800_0000_GARMIN_20",
                    "name": "numberMild"
                },
                {
                    "filename": "FNT_006B388800_0000_GARMIN_32",
                    "name": "numberMedium"
                },
                {
                    "filename": "FNT_006B388800_0000_GARMIN_30",
                    "name": "numberHot"
                },
                {
                    "filename": "FNT_006B388800_0000_GARMIN_41",
                    "name": "numberThaiHot"
                }
            ]
        },
        {
            "fontSet": "apac_twn",
            "fonts": [
                {
                    "filename": "FNT_NOTO_SANS_SC_MEDIUM-94_19",
                    "name": "xtiny"
                },
                {
                    "filename": "FNT_NOTO_SANS_SC_MEDIUM-94_19",
                    "name": "tiny"
                },
                {
                    "filename": "FNT_NOTO_SANS_SC_MEDIUM-94_20",
                    "name": "small"
                },
                {
                    "filename": "FNT_NOTO_SANS_SC_MEDIUM-94_22",
                    "name": "medium"
                },
                {
                    "filename": "FNT_NOTO_SANS_SC_BOLD_94_CHN_25",
                    "name": "large"
                },
                {
                    "filename": "FNT_006B388800_0000_GARMIN_20",
                    "name": "numberMild"
                },
                {
                    "filename": "FNT_006B388800_0000_GARMIN_32",
                    "name": "numberMedium"
                },
                {
                    "filename": "FNT_006B388800_0000_GARMIN_30",
                    "name": "numberHot"
                },
                {
                    "filename": "FNT_006B388800_0000_GARMIN_41",
                    "name": "numberThaiHot"
                }
            ]
        },
        {
            "fontSet": "apac_jpn",
            "fonts": [
                {
                    "filename": "FNT_KOSUGI_REGULAR-94_JPN_19",
                    "name": "xtiny"
                },
                {
                    "filename": "FNT_KOSUGI_REGULAR-94_JPN_19",
                    "name": "tiny"
                },
                {
                    "filename": "FNT_KOSUGI_REGULAR-94_JPN_20",
                    "name": "small"
                },
                {
                    "filename": "FNT_KOSUGI_REGULAR-94_JPN_22",
                    "name": "medium"
                },
                {
                    "filename": "FNT_KOSUGI_REGULAR-94_JPN_25B",
                    "name": "large"
                },
                {
                    "filename": "FNT_006B388800_0000_GARMIN_20",
                    "name": "numberMild"
                },
                {
                    "filename": "FNT_006B388800_0000_GARMIN_32",
                    "name": "numberMedium"
                },
                {
                    "filename": "FNT_006B388800_0000_GARMIN_30",
                    "name": "numberHot"
                },
                {
                    "filename": "FNT_006B388800_0000_GARMIN_41",
                    "name": "numberThaiHot"
                }
            ]
        },
        {
            "fontSet": "apac_kor",
            "fonts": [
                {
                    "filename": "FNT_NANUM_GOTHIC_BOLD-94_KOR_19",
                    "name": "xtiny"
                },
                {
                    "filename": "FNT_NANUM_GOTHIC_BOLD-94_KOR_19",
                    "name": "tiny"
                },
                {
                    "filename": "FNT_NANUM_GOTHIC_BOLD-94_KOR_20",
                    "name": "small"
                },
                {
                    "filename": "FNT_NANUM_GOTHIC_BOLD-94_KOR_22",
                    "name": "medium"
                },
                {
                    "filename": "FNT_NANUM_GOTHIC_BOLD_KOR_25B",
                    "name": "large"
                },
                {
                    "filename": "FNT_006B388800_0000_GARMIN_20",
                    "name": "numberMild"
                },
                {
                    "filename": "FNT_006B388800_0000_GARMIN_32",
                    "name": "numberMedium"
                },
                {
                    "filename": "FNT_006B388800_0000_GARMIN_30",
                    "name": "numberHot"
                },
                {
                    "filename": "FNT_006B388800_0000_GARMIN_41",
                    "name": "numberThaiHot"
                }
            ]
        },
        {
            "fontSet": "apac_vie",
            "fonts": [
                {
                    "filename": "FNT_ROBOTO_MEDIUM_VIET_16",
                    "name": "xtiny"
                },
                {
                    "filename": "FNT_ROBOTO_MEDIUM_VIET_16",
                    "name": "tiny"
                },
                {
                    "filename": "FNT_ROBOTO_MEDIUM_VIET_20",
                    "name": "small"
                },
                {
                    "filename": "FNT_ROBOTO_MEDIUM_VIET_20",
                    "name": "medium"
                },
                {
                    "filename": "FNT_ROBOTO_CONDENSED_BOLD_VIET_23B",
                    "name": "large"
                },
                {
                    "filename": "FNT_006B388800_0000_GARMIN_20",
                    "name": "numberMild"
                },
                {
                    "filename": "FNT_006B388800_0000_GARMIN_32",
                    "name": "numberMedium"
                },
                {
                    "filename": "FNT_006B388800_0000_GARMIN_30",
                    "name": "numberHot"
                },
                {
                    "filename": "FNT_006B388800_0000_GARMIN_41",
                    "name": "numberThaiHot"
                }
            ]
        },
        {
            "fontSet": "apac_tha",
            "fonts": [
                {
                    "filename": "bitstreamVeraSans 16",
                    "name": "xtiny"
                },
                {
                    "filename": "bitstreamVeraSans 16",
                    "name": "tiny"
                },
                {
                    "filename": "bitstreamVeraSans 16",
                    "name": "small"
                },
                {
                    "filename": "bitstreamVeraSans 21",
                    "name": "medium"
                },
                {
                    "filename": "bitstreamVeraSans 27",
                    "name": "large"
                },
                {
                    "filename": "FNT_006B388800_0000_GARMIN_20",
                    "name": "numberMild"
                },
                {
                    "filename": "FNT_006B388800_0000_GARMIN_32",
                    "name": "numberMedium"
                },
                {
                    "filename": "FNT_006B388800_0000_GARMIN_30",
                    "name": "numberHot"
                },
                {
                    "filename": "FNT_006B388800_0000_GARMIN_41",
                    "name": "numberThaiHot"
                }
            ]
        }
    ],
    "glance": {
        "contentArea": {
            "height": 62,
            "width": 164,
            "x": 9,
            "y": 19
        },
        "liveUpdates": false
    },
    "image": "descentg1.png",
    "keys": [
        {
            "behavior": "onSelect",
            "id": "enter",
            "location": {
                "height": 80,
                "width": 38,
                "x": 343,
                "y": 154
            }
        },
        {
            "behavior": "previousPage",
            "id": "up",
            "location": {
                "height": 70,
                "width": 38,
                "x": 1,
                "y": 228
            }
        },
        {
            "behavior": "onMenu",
            "id": "menu",
            "isHold": true,
            "location": {
                "height": 70,
                "width": 38,
                "x": 1,
                "y": 228
            }
        },
        {
            "behavior": "nextPage",
            "id": "down",
            "location": {
                "height": 70,
                "width": 38,
                "x": 17,
                "y": 302
            }
        },
        {
            "behavior": "onBack",
            "id": "esc",
            "location": {
                "height": 80,
                "width": 38,
                "x": 343,
                "y": 289
            }
        }
    ],
    "layouts": [
        {
            "actionMenu": {
                "area": {
                    "height": 176,
                    "width": 137,
                    "x": 39,
                    "y": 0
                },
                "borderDisplay": {
                    "width": 2
                },
                "borderWidth": 2,
                "colors": {
                    "background": "FFFFFF",
                    "selected": "000000",
                    "text": "000000"
                },
                "entries": [
                    {
                        "alignment": "left",
                        "height": 20,
                        "selection": false,
                        "textPadding": 0,
                        "x": 11,
                        "y": 26
                    },
                    {
                        "alignment": "left",
                        "height": 20,
                        "selection": true,
                        "textPadding": 0,
                        "x": 11,
                        "y": 78
                    },
                    {
                        "alignment": "left",
                        "height": 20,
                        "selection": false,
                        "textPadding": 0,
                        "x": 11,
                        "y": 131
                    }
                ],
                "selectionDisplay": {
                    "height": 46,
                    "width": 5,
                    "x": 3,
                    "y": 64
                },
                "type": "partial"
            },
            "datafields": {
                "datafields": [
                    {
                        "drawBorders": true,
                        "fields": [
                            {
                                "data": {
                                    "font": "numberThaiHot",
                                    "justification": "center",
                                    "width": 170,
                                    "x": 88,
                                    "y": 121
                                },
                                "label": {
                                    "font": "small",
                                    "justification": "center",
                                    "x": 53,
                                    "y": 58
                                },
                                "labelDisabled": false,
                                "location": {
                                    "height": 176,
                                    "width": 176,
                                    "x": 0,
                                    "y": 0
                                },
                                "obscurity": [
                                    "left",
                                    "top",
                                    "right",
                                    "bottom"
                                ]
                            },
                            {
                                "data": {
                                    "font": "numberMild",
                                    "justification": "center",
                                    "width": 60,
                                    "x": 32,
                                    "y": 40
                                },
                                "labelDisabled": true,
                                "location": {
                                    "height": 62,
                                    "width": 62,
                                    "x": 113,
                                    "y": 1
                                },
                                "obscurity": [
                                    "left",
                                    "top",
                                    "right",
                                    "bottom"
                                ]
                            }
                        ],
                        "name": "2 Fields"
                    },
                    {
                        "drawBorders": true,
                        "fields": [
                            {
                                "data": {
                                    "font": "numberHot",
                                    "justification": "center",
                                    "width": 95,
                                    "x": 51,
                                    "y": 60
                                },
                                "label": {
                                    "font": "xtiny",
                                    "justification": "center",
                                    "x": 61,
                                    "y": 18
                                },
                                "labelDisabled": false,
                                "location": {
                                    "height": 71,
                                    "width": 108,
                                    "x": 0,
                                    "y": 0
                                },
                                "obscurity": [
                                    "left",
                                    "top"
                                ]
                            },
                            {
                                "data": {
                                    "font": "numberThaiHot",
                                    "justification": "center",
                                    "width": 167,
                                    "x": 89,
                                    "y": 57
                                },
                                "label": {
                                    "font": "xtiny",
                                    "justification": "center",
                                    "x": 89,
                                    "y": 15
                                },
                                "labelDisabled": false,
                                "location": {
                                    "height": 104,
                                    "width": 176,
                                    "x": 0,
                                    "y": 72
                                },
                                "obscurity": [
                                    "left",
                                    "right",
                                    "bottom"
                                ]
                            },
                            {
                                "data": {
                                    "font": "numberMild",
                                    "justification": "center",
                                    "width": 60,
                                    "x": 32,
                                    "y": 40
                                },
                                "labelDisabled": true,
                                "location": {
                                    "height": 62,
                                    "width": 62,
                                    "x": 113,
                                    "y": 1
                                },
                                "obscurity": [
                                    "left",
                                    "top",
                                    "right",
                                    "bottom"
                                ]
                            }
                        ],
                        "name": "3 Fields"
                    },
                    {
                        "drawBorders": true,
                        "fields": [
                            {
                                "data": {
                                    "font": "numberHot",
                                    "justification": "center",
                                    "width": 80,
                                    "x": 51,
                                    "y": 50
                                },
                                "label": {
                                    "font": "xtiny",
                                    "justification": "center",
                                    "x": 61,
                                    "y": 19
                                },
                                "labelDisabled": false,
                                "location": {
                                    "height": 55,
                                    "width": 108,
                                    "x": 0,
                                    "y": 0
                                },
                                "obscurity": [
                                    "left",
                                    "top"
                                ]
                            },
                            {
                                "data": {
                                    "font": "numberHot",
                                    "justification": "center",
                                    "width": 171,
                                    "x": 89,
                                    "y": 45
                                },
                                "label": {
                                    "font": "xtiny",
                                    "justification": "center",
                                    "x": 81,
                                    "y": 12
                                },
                                "labelDisabled": false,
                                "location": {
                                    "height": 65,
                                    "width": 176,
                                    "x": 0,
                                    "y": 56
                                },
                                "obscurity": []
                            },
                            {
                                "data": {
                                    "font": "numberHot",
                                    "justification": "center",
                                    "width": 171,
                                    "x": 88,
                                    "y": 45
                                },
                                "label": {
                                    "font": "xtiny",
                                    "justification": "center",
                                    "x": 88,
                                    "y": 12
                                },
                                "labelDisabled": false,
                                "location": {
                                    "height": 54,
                                    "width": 176,
                                    "x": 0,
                                    "y": 122
                                },
                                "obscurity": [
                                    "left",
                                    "right",
                                    "bottom"
                                ]
                            },
                            {
                                "data": {
                                    "font": "numberMild",
                                    "justification": "center",
                                    "width": 60,
                                    "x": 32,
                                    "y": 40
                                },
                                "labelDisabled": true,
                                "location": {
                                    "height": 62,
                                    "width": 62,
                                    "x": 113,
                                    "y": 1
                                },
                                "obscurity": [
                                    "left",
                                    "top",
                                    "right",
                                    "bottom"
                                ]
                            }
                        ],
                        "name": "4 Fields A"
                    },
                    {
                        "drawBorders": true,
                        "fields": [
                            {
                                "data": {
                                    "font": "numberHot",
                                    "justification": "center",
                                    "width": 99,
                                    "x": 51,
                                    "y": 60
                                },
                                "label": {
                                    "font": "xtiny",
                                    "justification": "center",
                                    "x": 61,
                                    "y": 18
                                },
                                "labelDisabled": false,
                                "location": {
                                    "height": 71,
                                    "width": 108,
                                    "x": 0,
                                    "y": 0
                                },
                                "obscurity": [
                                    "left",
                                    "top"
                                ]
                            },
                            {
                                "data": {
                                    "font": "numberHot",
                                    "justification": "center",
                                    "width": 82,
                                    "x": 44,
                                    "y": 52
                                },
                                "label": {
                                    "font": "xtiny",
                                    "justification": "center",
                                    "x": 45,
                                    "y": 18
                                },
                                "labelDisabled": false,
                                "location": {
                                    "height": 104,
                                    "width": 87,
                                    "x": 0,
                                    "y": 72
                                },
                                "obscurity": [
                                    "left",
                                    "bottom"
                                ]
                            },
                            {
                                "data": {
                                    "font": "numberHot",
                                    "justification": "center",
                                    "width": 82,
                                    "x": 44,
                                    "y": 52
                                },
                                "label": {
                                    "font": "xtiny",
                                    "justification": "center",
                                    "x": 45,
                                    "y": 18
                                },
                                "labelDisabled": false,
                                "location": {
                                    "height": 104,
                                    "width": 88,
                                    "x": 88,
                                    "y": 72
                                },
                                "obscurity": [
                                    "right",
                                    "bottom"
                                ]
                            },
                            {
                                "data": {
                                    "font": "numberMild",
                                    "justification": "center",
                                    "width": 60,
                                    "x": 32,
                                    "y": 40
                                },
                                "labelDisabled": true,
                                "location": {
                                    "height": 62,
                                    "width": 62,
                                    "x": 113,
                                    "y": 1
                                },
                                "obscurity": [
                                    "left",
                                    "top",
                                    "right",
                                    "bottom"
                                ]
                            }
                        ],
                        "name": "4 Fields B"
                    },
                    {
                        "drawBorders": true,
                        "fields": [
                            {
                                "data": {
                                    "font": "numberHot",
                                    "justification": "center",
                                    "width": 99,
                                    "x": 51,
                                    "y": 60
                                },
                                "label": {
                                    "font": "xtiny",
                                    "justification": "center",
                                    "x": 61,
                                    "y": 18
                                },
                                "labelDisabled": false,
                                "location": {
                                    "height": 71,
                                    "width": 108,
                                    "x": 0,
                                    "y": 0
                                },
                                "obscurity": [
                                    "left",
                                    "top"
                                ]
                            },
                            {
                                "data": {
                                    "font": "numberHot",
                                    "justification": "center",
                                    "width": 82,
                                    "x": 44,
                                    "y": 52
                                },
                                "label": {
                                    "font": "xtiny",
                                    "justification": "center",
                                    "x": 45,
                                    "y": 18
                                },
                                "labelDisabled": false,
                                "location": {
                                    "height": 76,
                                    "width": 87,
                                    "x": 0,
                                    "y": 72
                                },
                                "obscurity": [
                                    "left",
                                    "bottom"
                                ]
                            },
                            {
                                "data": {
                                    "font": "numberHot",
                                    "justification": "center",
                                    "width": 82,
                                    "x": 44,
                                    "y": 52
                                },
                                "label": {
                                    "font": "xtiny",
                                    "justification": "center",
                                    "x": 45,
                                    "y": 18
                                },
                                "labelDisabled": false,
                                "location": {
                                    "height": 76,
                                    "width": 88,
                                    "x": 88,
                                    "y": 72
                                },
                                "obscurity": [
                                    "right",
                                    "bottom"
                                ]
                            },
                            {
                                "data": {
                                    "font": "large",
                                    "justification": "center",
                                    "width": 106,
                                    "x": 56,
                                    "y": 18
                                },
                                "labelDisabled": true,
                                "location": {
                                    "height": 27,
                                    "width": 110,
                                    "x": 27,
                                    "y": 149
                                },
                                "obscurity": []
                            },
                            {
                                "data": {
                                    "font": "numberMild",
                                    "justification": "center",
                                    "width": 60,
                                    "x": 32,
                                    "y": 40
                                },
                                "labelDisabled": true,
                                "location": {
                                    "height": 62,
                                    "width": 62,
                                    "x": 113,
                                    "y": 1
                                },
                                "obscurity": [
                                    "left",
                                    "top",
                                    "right",
                                    "bottom"
                                ]
                            }
                        ],
                        "name": "5 Fields"
                    }
                ]
            },
            "menu2": {
                "customTitle": {
                    "height": 58,
                    "width": 176,
                    "x": 6,
                    "y": 1
                },
                "doneButtons": {
                    "bottom": true,
                    "top": true
                },
                "focusArrowPoints": [
                    {
                        "x": 3,
                        "y": 0
                    },
                    {
                        "x": 5,
                        "y": 0
                    },
                    {
                        "x": 5,
                        "y": 60
                    },
                    {
                        "x": 3,
                        "y": 60
                    },
                    {
                        "x": 3,
                        "y": 0
                    }
                ],
                "items": {
                    "checks": [
                        {
                            "alignment": "left",
                            "disabledIconFile": "menu2_check_off_vegas.png",
                            "enabledIconFile": "menu2_check_on_vegas.png",
                            "x": 6,
                            "y": 24
                        },
                        {
                            "alignment": "right",
                            "disabledIconFile": "menu2_check_off_vegas.png",
                            "enabledIconFile": "menu2_check_on_vegas.png",
                            "x": 140,
                            "y": 24
                        }
                    ],
                    "icons": {
                        "check": "left",
                        "icon": "left",
                        "leftLocation": {
                            "height": 14,
                            "width": 24,
                            "x": 8,
                            "y": 42
                        },
                        "rightLocation": {
                            "height": 14,
                            "width": 24,
                            "x": 140,
                            "y": 42
                        },
                        "toggle": "right"
                    },
                    "item": {
                        "alignment": "left",
                        "backgroundColor": "FFFFFF",
                        "height": 58,
                        "labelFont": "large",
                        "labelLinePadding": 4,
                        "shortenWithEllipsis": true,
                        "showCustomItemSelector": false,
                        "subLabelFont": "small",
                        "sublabelLinePadding": 6,
                        "textColor": "000000",
                        "width": 176,
                        "xOffsetItem": 8
                    },
                    "labelAlignments": {
                        "basic": "left",
                        "check": "sameAsIcon",
                        "icon": "sameAsIcon",
                        "toggle": "left"
                    },
                    "labelXOffsets": {
                        "basicLeft": 4,
                        "checkRight": -10,
                        "iconRight": -10,
                        "toggleLeft": 3
                    },
                    "region": {
                        "height": 64,
                        "width": 176,
                        "x": 0,
                        "y": 65
                    },
                    "stringWidths": {
                        "basic": 170,
                        "check": 135,
                        "icon": 133,
                        "toggle": 112
                    },
                    "subItem": {
                        "height": 65,
                        "labelFont": "small",
                        "labelWidth": 170,
                        "yOffset": 0
                    },
                    "toggles": [
                        {
                            "alignment": "left",
                            "disabledIconFile": "menu2_toggle_off.png",
                            "enabledIconFile": "menu2_toggle_on.png",
                            "x": 7,
                            "y": 42
                        },
                        {
                            "alignment": "right",
                            "disabledIconFile": "menu2_toggle_off.png",
                            "enabledIconFile": "menu2_toggle_on.png",
                            "x": 128,
                            "y": 42
                        }
                    ]
                },
                "mode": "threeItem",
                "title": {
                    "backgroundColor": "000000",
                    "height": 64,
                    "textColor": "FFFFFF",
                    "width": 176,
                    "x": 0,
                    "y": 0
                },
                "titleString": {
                    "alignment": "left",
                    "font": "medium",
                    "width": 80,
                    "width2": 114,
                    "x": 68,
                    "x2": 58,
                    "y": 16,
                    "y2": 45
                }
            },
            "orientation": "portrait",
            "pageIndicator": {
                "backgroundWidth": 6,
                "colors": {
                    "background": "FFFFFF",
                    "outline": "FFFFFF",
                    "selected": "000000"
                },
                "location": "left",
                "selectedWidth": 2,
                "timeout": 5000,
                "type": "flat"
            },
            "picker": {
                "entries": [
                    {
                        "height": 85,
                        "width": 46,
                        "x": 9,
                        "y": 72
                    },
                    {
                        "height": 85,
                        "width": 46,
                        "x": 65,
                        "y": 72
                    },
                    {
                        "height": 85,
                        "width": 46,
                        "x": 121,
                        "y": 72
                    }
                ],
                "nextArrow": {
                    "display_size": {
                        "height": 10,
                        "width": 15
                    },
                    "height": 20,
                    "width": 48,
                    "x": 65,
                    "y": 51
                },
                "previousArrow": {
                    "display_size": {
                        "height": 10,
                        "width": 15
                    },
                    "height": 20,
                    "width": 48,
                    "x": 65,
                    "y": 157
                },
                "showConfirm": true,
                "title": {
                    "height": 27,
                    "width": 170,
                    "x": 3,
                    "y": 24
                }
            },
            "toast": {
                "autoDismissTime": 8000,
                "colors": {
                    "background": "000000",
                    "subscreen": "FFFFFF",
                    "text": "FFFFFF"
                },
                "height": 55,
                "icon": {
                    "height": 44,
                    "width": 44,
                    "x": 144,
                    "y": 31
                },
                "text": {
                    "firstLine": 0,
                    "font": "small",
                    "height": 20,
                    "lineCount": 1,
                    "shortenWithEllipsis": true,
                    "staticJustification": 5,
                    "width": 77,
                    "x": 20,
                    "y": 31
                },
                "type": "partial"
            }
        }
    ],
    "sensorHistory": [
        {
            "interval": 120,
            "size": 180,
            "type": "elevation"
        },
        {
            "interval": 60,
            "size": 360,
            "type": "heartrate"
        },
        {
            "interval": 120,
            "size": 180,
            "type": "pressure"
        },
        {
            "interval": 120,
            "size": 180,
            "type": "temperature"
        },
        {
            "interval": 3600,
            "size": 168,
            "type": "pulseox"
        }
    ],
    "subscreen": {
        "location": {
            "height": 62,
            "width": 62,
            "x": 217,
            "y": 174
        }
    },
    "watchdogCount": 120000
}