{
    "appStorageCapacity": 131072,
    "display": {
        "behaviors": [],
        "isTouch": false,
        "landscapeOrientation": 0,
        "location": {
            "height": 400,
            "width": 240,
            "x": 71,
            "y": 92
        },
        "shape": "rectangle"
    },
    "fonts": [
        {
            "fontSet": "ww",
            "fonts": [
                {
                    "filename": "FNT_GPSMAP66_DEJAVU_SANS_9",
                    "name": "xtiny"
                },
                {
                    "filename": "FNT_GPSMAP66_DEJAVU_SANS_12",
                    "name": "tiny"
                },
                {
                    "filename": "FNT_GPSMAP66_DEJAVU_SANS_14",
                    "name": "small"
                },
                {
                    "filename": "FNT_GPSMAP66_DEJAVU_SANS_16",
                    "name": "medium"
                },
                {
                    "filename": "FNT_GPSMAP66_DEJAVU_SANS_27",
                    "name": "large"
                },
                {
                    "filename": "FNT_GPSMAP66_DEJAVU_REC_22",
                    "name": "numberMild"
                },
                {
                    "filename": "FNT_GPSMAP66_DEJAVU_REC_32",
                    "name": "numberMedium"
                },
                {
                    "filename": "FNT_GPSMAP66_DEJAVU_REC_45",
                    "name": "numberHot"
                },
                {
                    "filename": "FNT_GPSMAP66_DEJAVU_REC_66",
                    "name": "numberThaiHot"
                }
            ]
        },
        {
            "fontSet": "apac_chn",
            "fonts": [
                {
                    "filename": "FNT_GPSMAP67_NOTO_SANS_SC_MEDIUM_12",
                    "name": "xtiny"
                },
                {
                    "filename": "FNT_GPSMAP67_NOTO_SANS_SC_MEDIUM_15",
                    "name": "tiny"
                },
                {
                    "filename": "FNT_GPSMAP67_NOTO_SANS_SC_MEDIUM_19",
                    "name": "small"
                },
                {
                    "filename": "FNT_GPSMAP67_NOTO_SANS_SC_MEDIUM_21",
                    "name": "medium"
                },
                {
                    "filename": "FNT_GPSMAP67_NOTO_SANS_SC_MEDIUM_38",
                    "name": "large"
                },
                {
                    "filename": "FNT_GPSMAP66_DEJAVU_REC_22",
                    "name": "numberMild"
                },
                {
                    "filename": "FNT_GPSMAP66_DEJAVU_REC_32",
                    "name": "numberMedium"
                },
                {
                    "filename": "FNT_GPSMAP66_DEJAVU_REC_45",
                    "name": "numberHot"
                },
                {
                    "filename": "FNT_GPSMAP66_DEJAVU_REC_66",
                    "name": "numberThaiHot"
                }
            ]
        },
        {
            "fontSet": "apac_kor",
            "fonts": [
                {
                    "filename": "FNT_GPSMAP67_NANUM_GOTHIC_BOLD_12",
                    "name": "xtiny"
                },
                {
                    "filename": "FNT_GPSMAP67_NANUM_GOTHIC_BOLD_15",
                    "name": "tiny"
                },
                {
                    "filename": "FNT_GPSMAP67_NANUM_GOTHIC_BOLD_19",
                    "name": "small"
                },
                {
                    "filename": "FNT_GPSMAP67_NANUM_GOTHIC_BOLD_21",
                    "name": "medium"
                },
                {
                    "filename": "FNT_GPSMAP67_NANUM_GOTHIC_BOLD_38",
                    "name": "large"
                },
                {
                    "filename": "FNT_GPSMAP66_DEJAVU_REC_22",
                    "name": "numberMild"
                },
                {
                    "filename": "FNT_GPSMAP66_DEJAVU_REC_32",
                    "name": "numberMedium"
                },
                {
                    "filename": "FNT_GPSMAP66_DEJAVU_REC_45",
                    "name": "numberHot"
                },
                {
                    "filename": "FNT_GPSMAP66_DEJAVU_REC_66",
                    "name": "numberThaiHot"
                }
            ]
        },
        {
            "fontSet": "apac_vie",
            "fonts": [
                {
                    "filename": "FNT_GPSMAP67_ROBOTO_CONDENSED_12",
                    "name": "xtiny"
                },
                {
                    "filename": "FNT_GPSMAP67_ROBOTO_CONDENSED_15",
                    "name": "tiny"
                },
                {
                    "filename": "FNT_GPSMAP67_ROBOTO_CONDENSED_19",
                    "name": "small"
                },
                {
                    "filename": "FNT_GPSMAP67_ROBOTO_CONDENSED_21",
                    "name": "medium"
                },
                {
                    "filename": "FNT_GPSMAP67_ROBOTO_CONDENSED_38",
                    "name": "large"
                },
                {
                    "filename": "FNT_GPSMAP66_DEJAVU_REC_22",
                    "name": "numberMild"
                },
                {
                    "filename": "FNT_GPSMAP66_DEJAVU_REC_32",
                    "name": "numberMedium"
                },
                {
                    "filename": "FNT_GPSMAP66_DEJAVU_REC_45",
                    "name": "numberHot"
                },
                {
                    "filename": "FNT_GPSMAP66_DEJAVU_REC_66",
                    "name": "numberThaiHot"
                }
            ]
        },
        {
            "fontSet": "apac_tha",
            "fonts": [
                {
                    "filename": "bitstreamVeraSans 16",
                    "name": "xtiny"
                },
                {
                    "filename": "bitstreamVeraSans 16",
                    "name": "tiny"
                },
                {
                    "filename": "bitstreamVeraSans 16",
                    "name": "small"
                },
                {
                    "filename": "bitstreamVeraSans 21",
                    "name": "medium"
                },
                {
                    "filename": "bitstreamVeraSans 27",
                    "name": "large"
                },
                {
                    "filename": "FNT_GPSMAP66_DEJAVU_REC_22",
                    "name": "numberMild"
                },
                {
                    "filename": "FNT_GPSMAP66_DEJAVU_REC_32",
                    "name": "numberMedium"
                },
                {
                    "filename": "FNT_GPSMAP66_DEJAVU_REC_45",
                    "name": "numberHot"
                },
                {
                    "filename": "FNT_GPSMAP66_DEJAVU_REC_66",
                    "name": "numberThaiHot"
                }
            ]
        }
    ],
    "image": "gpsmap86.png",
    "keys": [
        {
            "id": "upLeft",
            "location": {
                "height": 33,
                "width": 33,
                "x": 139,
                "y": 582
            },
            "pressDownSupport": false,
            "pressUpSupport": false
        },
        {
            "id": "up",
            "location": {
                "height": 33,
                "width": 35,
                "x": 172,
                "y": 582
            },
            "pressDownSupport": false,
            "pressUpSupport": false
        },
        {
            "id": "upRight",
            "location": {
                "height": 33,
                "width": 33,
                "x": 207,
                "y": 582
            },
            "pressDownSupport": false,
            "pressUpSupport": false
        },
        {
            "behavior": "previousPage",
            "id": "left",
            "location": {
                "height": 37,
                "width": 33,
                "x": 139,
                "y": 615
            },
            "pressDownSupport": false,
            "pressUpSupport": false
        },
        {
            "behavior": "nextPage",
            "id": "right",
            "location": {
                "height": 37,
                "width": 33,
                "x": 207,
                "y": 615
            },
            "pressDownSupport": false,
            "pressUpSupport": false
        },
        {
            "id": "downLeft",
            "location": {
                "height": 33,
                "width": 33,
                "x": 139,
                "y": 652
            },
            "pressDownSupport": false,
            "pressUpSupport": false
        },
        {
            "id": "down",
            "location": {
                "height": 33,
                "width": 35,
                "x": 172,
                "y": 652
            },
            "pressDownSupport": false,
            "pressUpSupport": false
        },
        {
            "id": "downRight",
            "location": {
                "height": 33,
                "width": 33,
                "x": 207,
                "y": 652
            },
            "pressDownSupport": false,
            "pressUpSupport": false
        },
        {
            "id": "zin",
            "location": {
                "height": 28,
                "width": 59,
                "x": 61,
                "y": 558
            },
            "pressDownSupport": false,
            "pressUpSupport": false
        },
        {
            "id": "zout",
            "location": {
                "height": 28,
                "width": 59,
                "x": 259,
                "y": 558
            },
            "pressDownSupport": false,
            "pressUpSupport": false
        },
        {
            "id": "find",
            "location": {
                "height": 34,
                "width": 59,
                "x": 62,
                "y": 594
            }
        },
        {
            "behavior": "nextPage",
            "id": "page",
            "location": {
                "height": 34,
                "width": 59,
                "x": 258,
                "y": 594
            },
            "pressDownSupport": false,
            "pressUpSupport": false
        },
        {
            "behavior": "onMenu",
            "id": "menu",
            "location": {
                "height": 37,
                "width": 57,
                "x": 256,
                "y": 636
            },
            "pressDownSupport": false,
            "pressUpSupport": false
        },
        {
            "behavior": "onBack",
            "id": "esc",
            "location": {
                "height": 47,
                "width": 97,
                "x": 73,
                "y": 681
            },
            "pressDownSupport": false,
            "pressUpSupport": false
        },
        {
            "behavior": "onSelect",
            "id": "enter",
            "location": {
                "height": 47,
                "width": 97,
                "x": 210,
                "y": 681
            },
            "pressDownSupport": false,
            "pressUpSupport": false
        }
    ],
    "layouts": [
        {
            "datafields": {
                "datafields": [
                    {
                        "drawBorders": true,
                        "fields": [
                            {
                                "data": {
                                    "font": "numberMild",
                                    "justification": "center",
                                    "width": 114,
                                    "x": 59,
                                    "y": 44
                                },
                                "label": {
                                    "font": "small",
                                    "justification": "center",
                                    "x": 59,
                                    "y": 15
                                },
                                "labelDisabled": false,
                                "location": {
                                    "height": 52,
                                    "width": 118,
                                    "x": 1,
                                    "y": 29
                                },
                                "obscurity": []
                            },
                            {
                                "data": {
                                    "font": "numberMild",
                                    "justification": "center",
                                    "width": 114,
                                    "x": 59,
                                    "y": 44
                                },
                                "label": {
                                    "font": "small",
                                    "justification": "center",
                                    "x": 59,
                                    "y": 15
                                },
                                "labelDisabled": false,
                                "location": {
                                    "height": 52,
                                    "width": 118,
                                    "x": 121,
                                    "y": 29
                                },
                                "obscurity": []
                            }
                        ],
                        "name": "2 Fields"
                    },
                    {
                        "drawBorders": true,
                        "fields": [
                            {
                                "data": {
                                    "font": "numberThaiHot",
                                    "justification": "center",
                                    "width": 114,
                                    "x": 119,
                                    "y": 104
                                },
                                "label": {
                                    "font": "small",
                                    "justification": "center",
                                    "x": 119,
                                    "y": 15
                                },
                                "labelDisabled": false,
                                "location": {
                                    "height": 122,
                                    "width": 238,
                                    "x": 1,
                                    "y": 29
                                },
                                "obscurity": []
                            },
                            {
                                "data": {
                                    "font": "numberThaiHot",
                                    "justification": "center",
                                    "width": 114,
                                    "x": 119,
                                    "y": 104
                                },
                                "label": {
                                    "font": "small",
                                    "justification": "center",
                                    "x": 119,
                                    "y": 15
                                },
                                "labelDisabled": false,
                                "location": {
                                    "height": 122,
                                    "width": 238,
                                    "x": 1,
                                    "y": 153
                                },
                                "obscurity": []
                            },
                            {
                                "data": {
                                    "font": "numberThaiHot",
                                    "justification": "center",
                                    "width": 114,
                                    "x": 119,
                                    "y": 104
                                },
                                "label": {
                                    "font": "small",
                                    "justification": "center",
                                    "x": 119,
                                    "y": 15
                                },
                                "labelDisabled": false,
                                "location": {
                                    "height": 122,
                                    "width": 238,
                                    "x": 1,
                                    "y": 277
                                },
                                "obscurity": []
                            }
                        ],
                        "name": "3 Fields"
                    },
                    {
                        "drawBorders": true,
                        "fields": [
                            {
                                "data": {
                                    "font": "numberThaiHot",
                                    "justification": "center",
                                    "width": 234,
                                    "x": 119,
                                    "y": 104
                                },
                                "label": {
                                    "font": "small",
                                    "justification": "center",
                                    "x": 119,
                                    "y": 15
                                },
                                "labelDisabled": false,
                                "location": {
                                    "height": 122,
                                    "width": 238,
                                    "x": 1,
                                    "y": 29
                                },
                                "obscurity": []
                            },
                            {
                                "data": {
                                    "font": "numberThaiHot",
                                    "justification": "center",
                                    "width": 234,
                                    "x": 119,
                                    "y": 104
                                },
                                "label": {
                                    "font": "small",
                                    "justification": "center",
                                    "x": 119,
                                    "y": 15
                                },
                                "labelDisabled": false,
                                "location": {
                                    "height": 122,
                                    "width": 238,
                                    "x": 1,
                                    "y": 153
                                },
                                "obscurity": []
                            },
                            {
                                "data": {
                                    "font": "numberMedium",
                                    "justification": "center",
                                    "width": 114,
                                    "x": 59,
                                    "y": 53
                                },
                                "label": {
                                    "font": "small",
                                    "justification": "center",
                                    "x": 59,
                                    "y": 15
                                },
                                "labelDisabled": false,
                                "location": {
                                    "height": 60,
                                    "width": 118,
                                    "x": 1,
                                    "y": 277
                                },
                                "obscurity": []
                            },
                            {
                                "data": {
                                    "font": "numberMedium",
                                    "justification": "center",
                                    "width": 114,
                                    "x": 59,
                                    "y": 53
                                },
                                "label": {
                                    "font": "small",
                                    "justification": "center",
                                    "x": 59,
                                    "y": 15
                                },
                                "labelDisabled": false,
                                "location": {
                                    "height": 60,
                                    "width": 118,
                                    "x": 121,
                                    "y": 277
                                },
                                "obscurity": []
                            },
                            {
                                "data": {
                                    "font": "numberMedium",
                                    "justification": "center",
                                    "width": 114,
                                    "x": 59,
                                    "y": 53
                                },
                                "label": {
                                    "font": "small",
                                    "justification": "center",
                                    "x": 59,
                                    "y": 15
                                },
                                "labelDisabled": false,
                                "location": {
                                    "height": 60,
                                    "width": 118,
                                    "x": 1,
                                    "y": 339
                                },
                                "obscurity": []
                            },
                            {
                                "data": {
                                    "font": "numberMedium",
                                    "justification": "center",
                                    "width": 114,
                                    "x": 59,
                                    "y": 53
                                },
                                "label": {
                                    "font": "small",
                                    "justification": "center",
                                    "x": 59,
                                    "y": 15
                                },
                                "labelDisabled": false,
                                "location": {
                                    "height": 60,
                                    "width": 118,
                                    "x": 121,
                                    "y": 339
                                },
                                "obscurity": []
                            }
                        ],
                        "name": "6 Fields A"
                    },
                    {
                        "drawBorders": true,
                        "fields": [
                            {
                                "data": {
                                    "font": "numberMedium",
                                    "justification": "center",
                                    "width": 114,
                                    "x": 59,
                                    "y": 53
                                },
                                "label": {
                                    "font": "small",
                                    "justification": "center",
                                    "x": 59,
                                    "y": 15
                                },
                                "labelDisabled": false,
                                "location": {
                                    "height": 60,
                                    "width": 118,
                                    "x": 1,
                                    "y": 29
                                },
                                "obscurity": []
                            },
                            {
                                "data": {
                                    "font": "numberMedium",
                                    "justification": "center",
                                    "width": 114,
                                    "x": 59,
                                    "y": 53
                                },
                                "label": {
                                    "font": "small",
                                    "justification": "center",
                                    "x": 59,
                                    "y": 15
                                },
                                "labelDisabled": false,
                                "location": {
                                    "height": 60,
                                    "width": 118,
                                    "x": 121,
                                    "y": 29
                                },
                                "obscurity": []
                            },
                            {
                                "data": {
                                    "font": "numberMedium",
                                    "justification": "center",
                                    "width": 114,
                                    "x": 59,
                                    "y": 53
                                },
                                "label": {
                                    "font": "small",
                                    "justification": "center",
                                    "x": 59,
                                    "y": 15
                                },
                                "labelDisabled": false,
                                "location": {
                                    "height": 60,
                                    "width": 118,
                                    "x": 1,
                                    "y": 91
                                },
                                "obscurity": []
                            },
                            {
                                "data": {
                                    "font": "numberMedium",
                                    "justification": "center",
                                    "width": 114,
                                    "x": 59,
                                    "y": 53
                                },
                                "label": {
                                    "font": "small",
                                    "justification": "center",
                                    "x": 59,
                                    "y": 15
                                },
                                "labelDisabled": false,
                                "location": {
                                    "height": 60,
                                    "width": 118,
                                    "x": 121,
                                    "y": 91
                                },
                                "obscurity": []
                            },
                            {
                                "data": {
                                    "font": "numberThaiHot",
                                    "justification": "center",
                                    "width": 234,
                                    "x": 119,
                                    "y": 104
                                },
                                "label": {
                                    "font": "small",
                                    "justification": "center",
                                    "x": 119,
                                    "y": 15
                                },
                                "labelDisabled": false,
                                "location": {
                                    "height": 122,
                                    "width": 238,
                                    "x": 1,
                                    "y": 153
                                },
                                "obscurity": []
                            },
                            {
                                "data": {
                                    "font": "numberThaiHot",
                                    "justification": "center",
                                    "width": 234,
                                    "x": 119,
                                    "y": 104
                                },
                                "label": {
                                    "font": "small",
                                    "justification": "center",
                                    "x": 119,
                                    "y": 15
                                },
                                "labelDisabled": false,
                                "location": {
                                    "height": 122,
                                    "width": 238,
                                    "x": 1,
                                    "y": 277
                                },
                                "obscurity": []
                            }
                        ],
                        "name": "6 Fields B"
                    },
                    {
                        "drawBorders": true,
                        "fields": [
                            {
                                "data": {
                                    "font": "numberThaiHot",
                                    "justification": "center",
                                    "width": 234,
                                    "x": 119,
                                    "y": 104
                                },
                                "label": {
                                    "font": "small",
                                    "justification": "center",
                                    "x": 119,
                                    "y": 15
                                },
                                "labelDisabled": false,
                                "location": {
                                    "height": 122,
                                    "width": 238,
                                    "x": 1,
                                    "y": 29
                                },
                                "obscurity": []
                            },
                            {
                                "data": {
                                    "font": "numberMedium",
                                    "justification": "center",
                                    "width": 114,
                                    "x": 59,
                                    "y": 63
                                },
                                "label": {
                                    "font": "small",
                                    "justification": "center",
                                    "x": 59,
                                    "y": 15
                                },
                                "labelDisabled": false,
                                "location": {
                                    "height": 80,
                                    "width": 118,
                                    "x": 1,
                                    "y": 153
                                },
                                "obscurity": []
                            },
                            {
                                "data": {
                                    "font": "numberMedium",
                                    "justification": "center",
                                    "width": 114,
                                    "x": 59,
                                    "y": 63
                                },
                                "label": {
                                    "font": "small",
                                    "justification": "center",
                                    "x": 59,
                                    "y": 15
                                },
                                "labelDisabled": false,
                                "location": {
                                    "height": 80,
                                    "width": 118,
                                    "x": 121,
                                    "y": 153
                                },
                                "obscurity": []
                            },
                            {
                                "data": {
                                    "font": "numberMedium",
                                    "justification": "center",
                                    "width": 114,
                                    "x": 59,
                                    "y": 63
                                },
                                "label": {
                                    "font": "small",
                                    "justification": "center",
                                    "x": 59,
                                    "y": 15
                                },
                                "labelDisabled": false,
                                "location": {
                                    "height": 80,
                                    "width": 118,
                                    "x": 1,
                                    "y": 235
                                },
                                "obscurity": []
                            },
                            {
                                "data": {
                                    "font": "numberMedium",
                                    "justification": "center",
                                    "width": 114,
                                    "x": 59,
                                    "y": 63
                                },
                                "label": {
                                    "font": "small",
                                    "justification": "center",
                                    "x": 59,
                                    "y": 15
                                },
                                "labelDisabled": false,
                                "location": {
                                    "height": 80,
                                    "width": 118,
                                    "x": 121,
                                    "y": 235
                                },
                                "obscurity": []
                            },
                            {
                                "data": {
                                    "font": "numberMedium",
                                    "justification": "center",
                                    "width": 114,
                                    "x": 59,
                                    "y": 63
                                },
                                "label": {
                                    "font": "small",
                                    "justification": "center",
                                    "x": 59,
                                    "y": 15
                                },
                                "labelDisabled": false,
                                "location": {
                                    "height": 80,
                                    "width": 118,
                                    "x": 1,
                                    "y": 317
                                },
                                "obscurity": []
                            },
                            {
                                "data": {
                                    "font": "numberMedium",
                                    "justification": "center",
                                    "width": 114,
                                    "x": 59,
                                    "y": 63
                                },
                                "label": {
                                    "font": "small",
                                    "justification": "center",
                                    "x": 59,
                                    "y": 15
                                },
                                "labelDisabled": false,
                                "location": {
                                    "height": 80,
                                    "width": 118,
                                    "x": 121,
                                    "y": 317
                                },
                                "obscurity": []
                            }
                        ],
                        "name": "7 Fields"
                    },
                    {
                        "drawBorders": true,
                        "fields": [
                            {
                                "data": {
                                    "font": "numberThaiHot",
                                    "justification": "center",
                                    "width": 234,
                                    "x": 119,
                                    "y": 104
                                },
                                "label": {
                                    "font": "small",
                                    "justification": "center",
                                    "x": 119,
                                    "y": 15
                                },
                                "labelDisabled": false,
                                "location": {
                                    "height": 122,
                                    "width": 238,
                                    "x": 1,
                                    "y": 29
                                },
                                "obscurity": []
                            },
                            {
                                "data": {
                                    "font": "numberMedium",
                                    "justification": "center",
                                    "width": 114,
                                    "x": 59,
                                    "y": 53
                                },
                                "label": {
                                    "font": "small",
                                    "justification": "center",
                                    "x": 59,
                                    "y": 15
                                },
                                "labelDisabled": false,
                                "location": {
                                    "height": 60,
                                    "width": 118,
                                    "x": 1,
                                    "y": 153
                                },
                                "obscurity": []
                            },
                            {
                                "data": {
                                    "font": "numberMedium",
                                    "justification": "center",
                                    "width": 114,
                                    "x": 59,
                                    "y": 53
                                },
                                "label": {
                                    "font": "small",
                                    "justification": "center",
                                    "x": 59,
                                    "y": 15
                                },
                                "labelDisabled": false,
                                "location": {
                                    "height": 60,
                                    "width": 118,
                                    "x": 121,
                                    "y": 153
                                },
                                "obscurity": []
                            },
                            {
                                "data": {
                                    "font": "numberMedium",
                                    "justification": "center",
                                    "width": 114,
                                    "x": 59,
                                    "y": 53
                                },
                                "label": {
                                    "font": "small",
                                    "justification": "center",
                                    "x": 59,
                                    "y": 15
                                },
                                "labelDisabled": false,
                                "location": {
                                    "height": 60,
                                    "width": 118,
                                    "x": 1,
                                    "y": 215
                                },
                                "obscurity": []
                            },
                            {
                                "data": {
                                    "font": "numberMedium",
                                    "justification": "center",
                                    "width": 114,
                                    "x": 59,
                                    "y": 53
                                },
                                "label": {
                                    "font": "small",
                                    "justification": "center",
                                    "x": 59,
                                    "y": 15
                                },
                                "labelDisabled": false,
                                "location": {
                                    "height": 60,
                                    "width": 118,
                                    "x": 121,
                                    "y": 215
                                },
                                "obscurity": []
                            },
                            {
                                "data": {
                                    "font": "numberMedium",
                                    "justification": "center",
                                    "width": 114,
                                    "x": 59,
                                    "y": 53
                                },
                                "label": {
                                    "font": "small",
                                    "justification": "center",
                                    "x": 59,
                                    "y": 15
                                },
                                "labelDisabled": false,
                                "location": {
                                    "height": 60,
                                    "width": 118,
                                    "x": 1,
                                    "y": 277
                                },
                                "obscurity": []
                            },
                            {
                                "data": {
                                    "font": "numberMedium",
                                    "justification": "center",
                                    "width": 114,
                                    "x": 59,
                                    "y": 53
                                },
                                "label": {
                                    "font": "small",
                                    "justification": "center",
                                    "x": 59,
                                    "y": 15
                                },
                                "labelDisabled": false,
                                "location": {
                                    "height": 60,
                                    "width": 118,
                                    "x": 121,
                                    "y": 277
                                },
                                "obscurity": []
                            },
                            {
                                "data": {
                                    "font": "numberMedium",
                                    "justification": "center",
                                    "width": 114,
                                    "x": 59,
                                    "y": 53
                                },
                                "label": {
                                    "font": "small",
                                    "justification": "center",
                                    "x": 59,
                                    "y": 15
                                },
                                "labelDisabled": false,
                                "location": {
                                    "height": 60,
                                    "width": 118,
                                    "x": 1,
                                    "y": 339
                                },
                                "obscurity": []
                            },
                            {
                                "data": {
                                    "font": "numberMedium",
                                    "justification": "center",
                                    "width": 114,
                                    "x": 59,
                                    "y": 53
                                },
                                "label": {
                                    "font": "small",
                                    "justification": "center",
                                    "x": 59,
                                    "y": 15
                                },
                                "labelDisabled": false,
                                "location": {
                                    "height": 60,
                                    "width": 118,
                                    "x": 121,
                                    "y": 339
                                },
                                "obscurity": []
                            }
                        ],
                        "name": "9 Fields A"
                    },
                    {
                        "drawBorders": true,
                        "fields": [
                            {
                                "data": {
                                    "font": "numberMedium",
                                    "justification": "center",
                                    "width": 114,
                                    "x": 59,
                                    "y": 53
                                },
                                "label": {
                                    "font": "small",
                                    "justification": "center",
                                    "x": 59,
                                    "y": 15
                                },
                                "labelDisabled": false,
                                "location": {
                                    "height": 60,
                                    "width": 118,
                                    "x": 1,
                                    "y": 29
                                },
                                "obscurity": []
                            },
                            {
                                "data": {
                                    "font": "numberMedium",
                                    "justification": "center",
                                    "width": 114,
                                    "x": 59,
                                    "y": 53
                                },
                                "label": {
                                    "font": "small",
                                    "justification": "center",
                                    "x": 59,
                                    "y": 15
                                },
                                "labelDisabled": false,
                                "location": {
                                    "height": 60,
                                    "width": 118,
                                    "x": 121,
                                    "y": 29
                                },
                                "obscurity": []
                            },
                            {
                                "data": {
                                    "font": "numberMedium",
                                    "justification": "center",
                                    "width": 114,
                                    "x": 59,
                                    "y": 53
                                },
                                "label": {
                                    "font": "small",
                                    "justification": "center",
                                    "x": 59,
                                    "y": 15
                                },
                                "labelDisabled": false,
                                "location": {
                                    "height": 60,
                                    "width": 118,
                                    "x": 1,
                                    "y": 91
                                },
                                "obscurity": []
                            },
                            {
                                "data": {
                                    "font": "numberMedium",
                                    "justification": "center",
                                    "width": 114,
                                    "x": 59,
                                    "y": 53
                                },
                                "label": {
                                    "font": "small",
                                    "justification": "center",
                                    "x": 59,
                                    "y": 15
                                },
                                "labelDisabled": false,
                                "location": {
                                    "height": 60,
                                    "width": 118,
                                    "x": 121,
                                    "y": 91
                                },
                                "obscurity": []
                            },
                            {
                                "data": {
                                    "font": "numberThaiHot",
                                    "justification": "center",
                                    "width": 234,
                                    "x": 119,
                                    "y": 104
                                },
                                "label": {
                                    "font": "small",
                                    "justification": "center",
                                    "x": 119,
                                    "y": 15
                                },
                                "labelDisabled": false,
                                "location": {
                                    "height": 122,
                                    "width": 238,
                                    "x": 1,
                                    "y": 153
                                },
                                "obscurity": []
                            },
                            {
                                "data": {
                                    "font": "numberMedium",
                                    "justification": "center",
                                    "width": 114,
                                    "x": 59,
                                    "y": 53
                                },
                                "label": {
                                    "font": "small",
                                    "justification": "center",
                                    "x": 59,
                                    "y": 15
                                },
                                "labelDisabled": false,
                                "location": {
                                    "height": 60,
                                    "width": 118,
                                    "x": 1,
                                    "y": 277
                                },
                                "obscurity": []
                            },
                            {
                                "data": {
                                    "font": "numberMedium",
                                    "justification": "center",
                                    "width": 114,
                                    "x": 59,
                                    "y": 53
                                },
                                "label": {
                                    "font": "small",
                                    "justification": "center",
                                    "x": 59,
                                    "y": 15
                                },
                                "labelDisabled": false,
                                "location": {
                                    "height": 60,
                                    "width": 118,
                                    "x": 121,
                                    "y": 277
                                },
                                "obscurity": []
                            },
                            {
                                "data": {
                                    "font": "numberMedium",
                                    "justification": "center",
                                    "width": 114,
                                    "x": 59,
                                    "y": 53
                                },
                                "label": {
                                    "font": "small",
                                    "justification": "center",
                                    "x": 59,
                                    "y": 15
                                },
                                "labelDisabled": false,
                                "location": {
                                    "height": 60,
                                    "width": 118,
                                    "x": 1,
                                    "y": 339
                                },
                                "obscurity": []
                            },
                            {
                                "data": {
                                    "font": "numberMedium",
                                    "justification": "center",
                                    "width": 114,
                                    "x": 59,
                                    "y": 53
                                },
                                "label": {
                                    "font": "small",
                                    "justification": "center",
                                    "x": 59,
                                    "y": 15
                                },
                                "labelDisabled": false,
                                "location": {
                                    "height": 60,
                                    "width": 118,
                                    "x": 121,
                                    "y": 339
                                },
                                "obscurity": []
                            }
                        ],
                        "name": "9 Fields B"
                    },
                    {
                        "drawBorders": true,
                        "fields": [
                            {
                                "data": {
                                    "font": "numberMedium",
                                    "justification": "center",
                                    "width": 114,
                                    "x": 59,
                                    "y": 53
                                },
                                "label": {
                                    "font": "small",
                                    "justification": "center",
                                    "x": 59,
                                    "y": 15
                                },
                                "labelDisabled": false,
                                "location": {
                                    "height": 60,
                                    "width": 118,
                                    "x": 1,
                                    "y": 29
                                },
                                "obscurity": []
                            },
                            {
                                "data": {
                                    "font": "numberMedium",
                                    "justification": "center",
                                    "width": 114,
                                    "x": 59,
                                    "y": 53
                                },
                                "label": {
                                    "font": "small",
                                    "justification": "center",
                                    "x": 59,
                                    "y": 15
                                },
                                "labelDisabled": false,
                                "location": {
                                    "height": 60,
                                    "width": 118,
                                    "x": 121,
                                    "y": 29
                                },
                                "obscurity": []
                            },
                            {
                                "data": {
                                    "font": "numberMedium",
                                    "justification": "center",
                                    "width": 114,
                                    "x": 59,
                                    "y": 53
                                },
                                "label": {
                                    "font": "small",
                                    "justification": "center",
                                    "x": 59,
                                    "y": 15
                                },
                                "labelDisabled": false,
                                "location": {
                                    "height": 60,
                                    "width": 118,
                                    "x": 1,
                                    "y": 91
                                },
                                "obscurity": []
                            },
                            {
                                "data": {
                                    "font": "numberMedium",
                                    "justification": "center",
                                    "width": 114,
                                    "x": 59,
                                    "y": 53
                                },
                                "label": {
                                    "font": "small",
                                    "justification": "center",
                                    "x": 59,
                                    "y": 15
                                },
                                "labelDisabled": false,
                                "location": {
                                    "height": 60,
                                    "width": 118,
                                    "x": 121,
                                    "y": 91
                                },
                                "obscurity": []
                            },
                            {
                                "data": {
                                    "font": "numberMedium",
                                    "justification": "center",
                                    "width": 114,
                                    "x": 59,
                                    "y": 63
                                },
                                "label": {
                                    "font": "small",
                                    "justification": "center",
                                    "x": 59,
                                    "y": 15
                                },
                                "labelDisabled": false,
                                "location": {
                                    "height": 80,
                                    "width": 118,
                                    "x": 1,
                                    "y": 153
                                },
                                "obscurity": []
                            },
                            {
                                "data": {
                                    "font": "numberMedium",
                                    "justification": "center",
                                    "width": 114,
                                    "x": 59,
                                    "y": 63
                                },
                                "label": {
                                    "font": "small",
                                    "justification": "center",
                                    "x": 59,
                                    "y": 15
                                },
                                "labelDisabled": false,
                                "location": {
                                    "height": 80,
                                    "width": 118,
                                    "x": 121,
                                    "y": 153
                                },
                                "obscurity": []
                            },
                            {
                                "data": {
                                    "font": "numberMedium",
                                    "justification": "center",
                                    "width": 114,
                                    "x": 59,
                                    "y": 63
                                },
                                "label": {
                                    "font": "small",
                                    "justification": "center",
                                    "x": 59,
                                    "y": 15
                                },
                                "labelDisabled": false,
                                "location": {
                                    "height": 80,
                                    "width": 118,
                                    "x": 1,
                                    "y": 235
                                },
                                "obscurity": []
                            },
                            {
                                "data": {
                                    "font": "numberMedium",
                                    "justification": "center",
                                    "width": 114,
                                    "x": 59,
                                    "y": 63
                                },
                                "label": {
                                    "font": "small",
                                    "justification": "center",
                                    "x": 59,
                                    "y": 15
                                },
                                "labelDisabled": false,
                                "location": {
                                    "height": 80,
                                    "width": 118,
                                    "x": 121,
                                    "y": 235
                                },
                                "obscurity": []
                            },
                            {
                                "data": {
                                    "font": "numberMedium",
                                    "justification": "center",
                                    "width": 114,
                                    "x": 59,
                                    "y": 63
                                },
                                "label": {
                                    "font": "small",
                                    "justification": "center",
                                    "x": 59,
                                    "y": 15
                                },
                                "labelDisabled": false,
                                "location": {
                                    "height": 80,
                                    "width": 118,
                                    "x": 1,
                                    "y": 317
                                },
                                "obscurity": []
                            },
                            {
                                "data": {
                                    "font": "numberMedium",
                                    "justification": "center",
                                    "width": 114,
                                    "x": 59,
                                    "y": 63
                                },
                                "label": {
                                    "font": "small",
                                    "justification": "center",
                                    "x": 59,
                                    "y": 15
                                },
                                "labelDisabled": false,
                                "location": {
                                    "height": 80,
                                    "width": 118,
                                    "x": 121,
                                    "y": 317
                                },
                                "obscurity": []
                            }
                        ],
                        "name": "10 Fields"
                    },
                    {
                        "drawBorders": true,
                        "fields": [
                            {
                                "data": {
                                    "font": "numberMedium",
                                    "justification": "center",
                                    "width": 114,
                                    "x": 59,
                                    "y": 53
                                },
                                "label": {
                                    "font": "small",
                                    "justification": "center",
                                    "x": 59,
                                    "y": 15
                                },
                                "labelDisabled": false,
                                "location": {
                                    "height": 60,
                                    "width": 118,
                                    "x": 1,
                                    "y": 29
                                },
                                "obscurity": []
                            },
                            {
                                "data": {
                                    "font": "numberMedium",
                                    "justification": "center",
                                    "width": 114,
                                    "x": 59,
                                    "y": 53
                                },
                                "label": {
                                    "font": "small",
                                    "justification": "center",
                                    "x": 59,
                                    "y": 15
                                },
                                "labelDisabled": false,
                                "location": {
                                    "height": 60,
                                    "width": 118,
                                    "x": 121,
                                    "y": 29
                                },
                                "obscurity": []
                            },
                            {
                                "data": {
                                    "font": "numberMedium",
                                    "justification": "center",
                                    "width": 114,
                                    "x": 59,
                                    "y": 53
                                },
                                "label": {
                                    "font": "small",
                                    "justification": "center",
                                    "x": 59,
                                    "y": 15
                                },
                                "labelDisabled": false,
                                "location": {
                                    "height": 60,
                                    "width": 118,
                                    "x": 1,
                                    "y": 91
                                },
                                "obscurity": []
                            },
                            {
                                "data": {
                                    "font": "numberMedium",
                                    "justification": "center",
                                    "width": 114,
                                    "x": 59,
                                    "y": 53
                                },
                                "label": {
                                    "font": "small",
                                    "justification": "center",
                                    "x": 59,
                                    "y": 15
                                },
                                "labelDisabled": false,
                                "location": {
                                    "height": 60,
                                    "width": 118,
                                    "x": 121,
                                    "y": 91
                                },
                                "obscurity": []
                            },
                            {
                                "data": {
                                    "font": "numberMedium",
                                    "justification": "center",
                                    "width": 114,
                                    "x": 59,
                                    "y": 53
                                },
                                "label": {
                                    "font": "small",
                                    "justification": "center",
                                    "x": 59,
                                    "y": 15
                                },
                                "labelDisabled": false,
                                "location": {
                                    "height": 60,
                                    "width": 118,
                                    "x": 1,
                                    "y": 153
                                },
                                "obscurity": []
                            },
                            {
                                "data": {
                                    "font": "numberMedium",
                                    "justification": "center",
                                    "width": 114,
                                    "x": 59,
                                    "y": 53
                                },
                                "label": {
                                    "font": "small",
                                    "justification": "center",
                                    "x": 59,
                                    "y": 15
                                },
                                "labelDisabled": false,
                                "location": {
                                    "height": 60,
                                    "width": 118,
                                    "x": 121,
                                    "y": 153
                                },
                                "obscurity": []
                            },
                            {
                                "data": {
                                    "font": "numberMedium",
                                    "justification": "center",
                                    "width": 114,
                                    "x": 59,
                                    "y": 53
                                },
                                "label": {
                                    "font": "small",
                                    "justification": "center",
                                    "x": 59,
                                    "y": 15
                                },
                                "labelDisabled": false,
                                "location": {
                                    "height": 60,
                                    "width": 118,
                                    "x": 1,
                                    "y": 215
                                },
                                "obscurity": []
                            },
                            {
                                "data": {
                                    "font": "numberMedium",
                                    "justification": "center",
                                    "width": 114,
                                    "x": 59,
                                    "y": 53
                                },
                                "label": {
                                    "font": "small",
                                    "justification": "center",
                                    "x": 59,
                                    "y": 15
                                },
                                "labelDisabled": false,
                                "location": {
                                    "height": 60,
                                    "width": 118,
                                    "x": 121,
                                    "y": 215
                                },
                                "obscurity": []
                            },
                            {
                                "data": {
                                    "font": "numberMedium",
                                    "justification": "center",
                                    "width": 114,
                                    "x": 59,
                                    "y": 53
                                },
                                "label": {
                                    "font": "small",
                                    "justification": "center",
                                    "x": 59,
                                    "y": 15
                                },
                                "labelDisabled": false,
                                "location": {
                                    "height": 60,
                                    "width": 118,
                                    "x": 1,
                                    "y": 277
                                },
                                "obscurity": []
                            },
                            {
                                "data": {
                                    "font": "numberMedium",
                                    "justification": "center",
                                    "width": 114,
                                    "x": 59,
                                    "y": 53
                                },
                                "label": {
                                    "font": "small",
                                    "justification": "center",
                                    "x": 59,
                                    "y": 15
                                },
                                "labelDisabled": false,
                                "location": {
                                    "height": 60,
                                    "width": 118,
                                    "x": 121,
                                    "y": 277
                                },
                                "obscurity": []
                            },
                            {
                                "data": {
                                    "font": "numberMedium",
                                    "justification": "center",
                                    "width": 114,
                                    "x": 59,
                                    "y": 53
                                },
                                "label": {
                                    "font": "small",
                                    "justification": "center",
                                    "x": 59,
                                    "y": 15
                                },
                                "labelDisabled": false,
                                "location": {
                                    "height": 60,
                                    "width": 118,
                                    "x": 1,
                                    "y": 339
                                },
                                "obscurity": []
                            },
                            {
                                "data": {
                                    "font": "numberMedium",
                                    "justification": "center",
                                    "width": 114,
                                    "x": 59,
                                    "y": 53
                                },
                                "label": {
                                    "font": "small",
                                    "justification": "center",
                                    "x": 59,
                                    "y": 15
                                },
                                "labelDisabled": false,
                                "location": {
                                    "height": 60,
                                    "width": 118,
                                    "x": 121,
                                    "y": 339
                                },
                                "obscurity": []
                            }
                        ],
                        "name": "12 Fields"
                    }
                ]
            },
            "map": [
                {
                    "file": "navigation_pointer.png",
                    "id": "navigationPointer",
                    "x": 105,
                    "y": 185
                },
                {
                    "file": "north_pointer.png",
                    "id": "northPointer",
                    "x": 15,
                    "y": 36
                }
            ],
            "menu2": {
                "customTitle": {
                    "height": 52,
                    "width": 120,
                    "x": 57,
                    "y": 0
                },
                "doneButtons": {
                    "bottom": true
                },
                "items": {
                    "checks": [
                        {
                            "alignment": "left",
                            "disabledIconFile": "menu2_check_off_gpsmap.png",
                            "enabledIconFile": "menu2_check_on_gpsmap.png",
                            "x": 10,
                            "y": 22
                        },
                        {
                            "alignment": "right",
                            "disabledIconFile": "menu2_check_off_gpsmap.png",
                            "enabledIconFile": "menu2_check_on_gpsmap.png",
                            "x": 214,
                            "y": 22
                        }
                    ],
                    "icons": {
                        "check": "right",
                        "icon": "right",
                        "leftLocation": {
                            "height": 35,
                            "width": 35,
                            "x": 8,
                            "y": 12
                        },
                        "rightLocation": {
                            "height": 35,
                            "width": 35,
                            "x": 199,
                            "y": 12
                        },
                        "toggle": "right"
                    },
                    "item": {
                        "activeBackgroundColor": "0074BB",
                        "activeLabelColor": "FFFFFF",
                        "height": 58,
                        "labelFont": "medium",
                        "labelVerticalCentered": false,
                        "subLabelFont": "small",
                        "width": 240,
                        "wrapLabel": false,
                        "xOffset": 10
                    },
                    "labelXOffsets": {
                        "basicLeft": 10,
                        "checkLeft": 20,
                        "iconLeft": 40
                    },
                    "region": {
                        "height": 58,
                        "width": 240,
                        "x": 0,
                        "y": 0
                    },
                    "stringWidths": {
                        "basic": 220,
                        "check": 194,
                        "icon": 182,
                        "toggle": 195
                    },
                    "subItem": {
                        "height": 51,
                        "labelFont": "tiny",
                        "labelWidth": 178,
                        "yOffset": 2
                    },
                    "toggles": [
                        {
                            "alignment": "left",
                            "disabledIconFile": "menu2_toggle_off_gpsmap.png",
                            "enabledIconFile": "menu2_toggle_on_gpsmap.png",
                            "x": 6,
                            "y": 8
                        },
                        {
                            "alignment": "right",
                            "disabledIconFile": "menu2_toggle_off_gpsmap.png",
                            "enabledIconFile": "menu2_toggle_on_gpsmap.png",
                            "x": 221,
                            "y": 8
                        }
                    ]
                },
                "mode": "scrollButtons",
                "title": {
                    "backgroundColor": "555555",
                    "height": 54,
                    "textColor": "FFFFFF",
                    "width": 240,
                    "x": 0,
                    "y": 0
                },
                "titleString": {
                    "font": "medium",
                    "width": 170,
                    "x": 120,
                    "y": 27
                }
            },
            "orientation": "portrait",
            "picker": {
                "entries": [
                    {
                        "height": 106,
                        "width": 56,
                        "x": 31,
                        "y": 147
                    },
                    {
                        "height": 106,
                        "width": 56,
                        "x": 92,
                        "y": 147
                    },
                    {
                        "height": 106,
                        "width": 56,
                        "x": 153,
                        "y": 147
                    }
                ],
                "nextArrow": {
                    "display_size": {
                        "height": 45,
                        "width": 46
                    },
                    "height": 24,
                    "width": 60,
                    "x": 90,
                    "y": 118
                },
                "previousArrow": {
                    "display_size": {
                        "height": 45,
                        "width": 46
                    },
                    "height": 24,
                    "width": 60,
                    "x": 90,
                    "y": 258
                },
                "showConfirm": true,
                "title": {
                    "height": 28,
                    "width": 240,
                    "x": 0,
                    "y": 30
                }
            }
        }
    ],
    "watchdogCount": 250000
}