{
    "appStorageCapacity": 10485760,
    "complications": {
        "time": {
            "showAmPm": true
        }
    },
    "constellationConfiguration": [
        {
            "configuration": [
                "GPS L1",
                "GPS L5",
                "GALILEO L1",
                "GALILEO L5",
                "GLONASS",
                "BEIDOU L1",
                "BEIDOU L5",
                "SATIQ"
            ],
            "name": "All SKUs"
        }
    ],
    "display": {
        "behaviors": [],
        "isTouch": false,
        "landscapeOrientation": 0,
        "location": {
            "height": 416,
            "width": 416,
            "x": 112,
            "y": 253
        },
        "shape": "round"
    },
    "flashlightConfiguration": [
        {
            "colors": [
                "FFFFFF",
                "FF0000"
            ],
            "name": "Cannoli"
        }
    ],
    "fonts": [
        {
            "fontSet": "ww",
            "fonts": [
                {
                    "filename": "FNT_006B458700_ROBOTO_16",
                    "name": "xtiny"
                },
                {
                    "filename": "FNT_006B458700_ROBOTO_20",
                    "name": "tiny"
                },
                {
                    "filename": "FNT_006B458700_ROBOTO_24",
                    "name": "small"
                },
                {
                    "filename": "FNT_006B458700_ROBOTO_29",
                    "name": "medium"
                },
                {
                    "filename": "FNT_006B458700_ROBOTO_33",
                    "name": "large"
                },
                {
                    "filename": "FNT_006B458700_OSWALD_39",
                    "name": "numberMild"
                },
                {
                    "filename": "FNT_006B458700_OSWALD_52",
                    "name": "numberMedium"
                },
                {
                    "filename": "FNT_006B458700_OSWALD_69",
                    "name": "numberHot"
                },
                {
                    "filename": "FNT_006B458700_OSWALD_69",
                    "name": "numberThaiHot"
                },
                {
                    "filename": "FNT_006B458700_ROBOTO_22",
                    "name": "glanceFont"
                },
                {
                    "filename": "FNT_006B458700_OSWALD_29",
                    "name": "glanceNumberFont"
                },
                {
                    "filename": "FNT_006B458700_ROBOTO_16",
                    "name": "simExtNumber1"
                },
                {
                    "filename": "FNT_006B458700_OSWALD_32",
                    "name": "simExtNumber2"
                },
                {
                    "filename": "FNT_006B458700_OSWALD_59",
                    "name": "simExtNumber3"
                },
                {
                    "filename": "FNT_006B458700_OSWALD_45",
                    "name": "simExtNumber4"
                },
                {
                    "filename": "FNT_006B458700_OSWALD_92",
                    "name": "simExtNumber5"
                },
                {
                    "filename": "FNT_006B458700_ROBOTO_22M",
                    "name": "auxiliaryFont1"
                }
            ]
        },
        {
            "fontSet": "apac_twcn",
            "fonts": [
                {
                    "filename": "FNT_006B458700_NOTO_SANS_SC_MEDIUM-94_24",
                    "name": "xtiny"
                },
                {
                    "filename": "FNT_006B458700_NOTO_SANS_SC_MEDIUM-94_30",
                    "name": "tiny"
                },
                {
                    "filename": "FNT_006B458700_NOTO_SANS_SC_MEDIUM-94_36",
                    "name": "small"
                },
                {
                    "filename": "FNT_006B458700_NOTO_SANS_SC_MEDIUM-94_44",
                    "name": "medium"
                },
                {
                    "filename": "FNT_006B458700_NOTO_SANS_SC_MEDIUM-94_50",
                    "name": "large"
                },
                {
                    "filename": "FNT_006B458700_OSWALD_39",
                    "name": "numberMild"
                },
                {
                    "filename": "FNT_006B458700_OSWALD_52",
                    "name": "numberMedium"
                },
                {
                    "filename": "FNT_006B458700_OSWALD_69",
                    "name": "numberHot"
                },
                {
                    "filename": "FNT_006B458700_OSWALD_69",
                    "name": "numberThaiHot"
                },
                {
                    "filename": "FNT_006B458700_NOTO_SANS_SC_MEDIUM-94_33",
                    "name": "glanceFont"
                },
                {
                    "filename": "FNT_006B458700_OSWALD_29",
                    "name": "glanceNumberFont"
                },
                {
                    "filename": "FNT_006B458700_NOTO_SANS_SC_MEDIUM-94_24",
                    "name": "simExtNumber1"
                },
                {
                    "filename": "FNT_006B458700_OSWALD_32",
                    "name": "simExtNumber2"
                },
                {
                    "filename": "FNT_006B458700_OSWALD_59",
                    "name": "simExtNumber3"
                },
                {
                    "filename": "FNT_006B458700_OSWALD_45",
                    "name": "simExtNumber4"
                },
                {
                    "filename": "FNT_006B458700_OSWALD_92",
                    "name": "simExtNumber5"
                },
                {
                    "filename": "FNT_006B458700_NOTO_SANS_SC_MEDIUM-94_24",
                    "name": "auxiliaryFont1"
                }
            ]
        },
        {
            "fontSet": "apac_jpn",
            "fonts": [
                {
                    "filename": "FNT_006B458700_KOSUGI_REGULAR-94_JPN_24",
                    "name": "xtiny"
                },
                {
                    "filename": "FNT_006B458700_KOSUGI_REGULAR-94_JPN_30",
                    "name": "tiny"
                },
                {
                    "filename": "FNT_006B458700_KOSUGI_REGULAR-94_JPN_36",
                    "name": "small"
                },
                {
                    "filename": "FNT_006B458700_KOSUGI_REGULAR-94_JPN_44",
                    "name": "medium"
                },
                {
                    "filename": "FNT_006B458700_KOSUGI_REGULAR-94_JPN_50",
                    "name": "large"
                },
                {
                    "filename": "FNT_006B458700_OSWALD_39",
                    "name": "numberMild"
                },
                {
                    "filename": "FNT_006B458700_OSWALD_52",
                    "name": "numberMedium"
                },
                {
                    "filename": "FNT_006B458700_OSWALD_69",
                    "name": "numberHot"
                },
                {
                    "filename": "FNT_006B458700_OSWALD_69",
                    "name": "numberThaiHot"
                },
                {
                    "filename": "FNT_006B458700_KOSUGI_REGULAR-94_JPN_33",
                    "name": "glanceFont"
                },
                {
                    "filename": "FNT_006B458700_OSWALD_29",
                    "name": "glanceNumberFont"
                },
                {
                    "filename": "FNT_006B458700_KOSUGI_REGULAR-94_JPN_24",
                    "name": "simExtNumber1"
                },
                {
                    "filename": "FNT_006B458700_OSWALD_32",
                    "name": "simExtNumber2"
                },
                {
                    "filename": "FNT_006B458700_OSWALD_59",
                    "name": "simExtNumber3"
                },
                {
                    "filename": "FNT_006B458700_OSWALD_45",
                    "name": "simExtNumber4"
                },
                {
                    "filename": "FNT_006B458700_OSWALD_92",
                    "name": "simExtNumber5"
                },
                {
                    "filename": "FNT_006B458700_KOSUGI_REGULAR-94_JPN_24",
                    "name": "auxiliaryFont1"
                }
            ]
        },
        {
            "fontSet": "apac_kor",
            "fonts": [
                {
                    "filename": "FNT_006B458700_NANUM_GOTHIC_BOLD_KOR_24",
                    "name": "xtiny"
                },
                {
                    "filename": "FNT_006B458700_NANUM_GOTHIC_BOLD_KOR_30",
                    "name": "tiny"
                },
                {
                    "filename": "FNT_006B458700_NANUM_GOTHIC_BOLD_KOR_36",
                    "name": "small"
                },
                {
                    "filename": "FNT_006B458700_NANUM_GOTHIC_BOLD_KOR_44",
                    "name": "medium"
                },
                {
                    "filename": "FNT_006B458700_NANUM_GOTHIC_BOLD_KOR_50",
                    "name": "large"
                },
                {
                    "filename": "FNT_006B458700_OSWALD_39",
                    "name": "numberMild"
                },
                {
                    "filename": "FNT_006B458700_OSWALD_52",
                    "name": "numberMedium"
                },
                {
                    "filename": "FNT_006B458700_OSWALD_69",
                    "name": "numberHot"
                },
                {
                    "filename": "FNT_006B458700_OSWALD_69",
                    "name": "numberThaiHot"
                },
                {
                    "filename": "FNT_006B458700_NANUM_GOTHIC_BOLD_KOR_33",
                    "name": "glanceFont"
                },
                {
                    "filename": "FNT_006B458700_OSWALD_29",
                    "name": "glanceNumberFont"
                },
                {
                    "filename": "FNT_006B458700_NANUM_GOTHIC_BOLD_KOR_24",
                    "name": "simExtNumber1"
                },
                {
                    "filename": "FNT_006B458700_OSWALD_32",
                    "name": "simExtNumber2"
                },
                {
                    "filename": "FNT_006B458700_OSWALD_59",
                    "name": "simExtNumber3"
                },
                {
                    "filename": "FNT_006B458700_OSWALD_45",
                    "name": "simExtNumber4"
                },
                {
                    "filename": "FNT_006B458700_OSWALD_92",
                    "name": "simExtNumber5"
                },
                {
                    "filename": "FNT_006B458700_NANUM_GOTHIC_BOLD_KOR_24",
                    "name": "auxiliaryFont1"
                }
            ]
        },
        {
            "fontSet": "apac_tha",
            "fonts": [
                {
                    "filename": "bitstreamVeraSans 16",
                    "name": "xtiny"
                },
                {
                    "filename": "bitstreamVeraSans 16",
                    "name": "tiny"
                },
                {
                    "filename": "bitstreamVeraSans 16",
                    "name": "small"
                },
                {
                    "filename": "bitstreamVeraSans 21",
                    "name": "medium"
                },
                {
                    "filename": "bitstreamVeraSans 27",
                    "name": "large"
                },
                {
                    "filename": "FNT_006B458700_OSWALD_39",
                    "name": "numberMild"
                },
                {
                    "filename": "FNT_006B458700_OSWALD_52",
                    "name": "numberMedium"
                },
                {
                    "filename": "FNT_006B458700_OSWALD_69",
                    "name": "numberHot"
                },
                {
                    "filename": "FNT_006B458700_OSWALD_69",
                    "name": "numberThaiHot"
                },
                {
                    "filename": "bitstreamVeraSans 16",
                    "name": "glanceFont"
                },
                {
                    "filename": "FNT_006B458700_OSWALD_29",
                    "name": "glanceNumberFont"
                },
                {
                    "filename": "bitstreamVeraSans 16",
                    "name": "simExtNumber1"
                },
                {
                    "filename": "FNT_006B458700_OSWALD_32",
                    "name": "simExtNumber2"
                },
                {
                    "filename": "FNT_006B458700_OSWALD_59",
                    "name": "simExtNumber3"
                },
                {
                    "filename": "FNT_006B458700_OSWALD_45",
                    "name": "simExtNumber4"
                },
                {
                    "filename": "FNT_006B458700_OSWALD_92",
                    "name": "simExtNumber5"
                },
                {
                    "filename": "bitstreamVeraSans 16",
                    "name": "auxiliaryFont1"
                }
            ]
        }
    ],
    "glance": {
        "cacheUpdate": false,
        "contentArea": {
            "height": 106,
            "width": 346,
            "x": 40,
            "y": 17
        },
        "liveUpdates": true,
        "subscreen": {
            "image": "dDial_window.png",
            "overlays": [
                {
                    "filename": "overlay_Default.png",
                    "name": "default"
                },
                {
                    "filename": "overlay_Blue.png",
                    "name": "blue"
                },
                {
                    "filename": "overlay_Yellow.png",
                    "name": "gold"
                },
                {
                    "filename": "overlay_Green.png",
                    "name": "green"
                },
                {
                    "filename": "overlay_Cyan.png",
                    "name": "lightblue"
                },
                {
                    "filename": "overlay_Red.png",
                    "name": "red"
                },
                {
                    "filename": "overlay_Default.png",
                    "name": "white"
                },
                {
                    "filename": "overlay_Purple.png",
                    "name": "purple"
                }
            ],
            "region": {
                "height": 165,
                "width": 416,
                "x": 0,
                "y": 0
            }
        },
        "themes": {
            "area": {
                "height": 156,
                "width": 406,
                "x": 0,
                "y": -7
            },
            "themes": [
                {
                    "filename": "nwidget_Default.png",
                    "name": "default"
                },
                {
                    "filename": "nwidget_Blue.png",
                    "name": "blue"
                },
                {
                    "filename": "nwidget_Gold.png",
                    "name": "gold"
                },
                {
                    "filename": "nwidget_Green.png",
                    "name": "green"
                },
                {
                    "filename": "nwidget_Light_Blue.png",
                    "name": "lightblue"
                },
                {
                    "filename": "nwidget_Red.png",
                    "name": "red"
                },
                {
                    "filename": "nwidget_Default.png",
                    "name": "white"
                },
                {
                    "filename": "nwidget_Purple.png",
                    "name": "purple"
                }
            ]
        }
    },
    "graphicsResourcePoolSize": 3145728,
    "greenshiftSupport": true,
    "image": "device.png",
    "keys": [
        {
            "behavior": "onSelect",
            "id": "enter",
            "location": {
                "height": 157,
                "width": 72,
                "x": 578,
                "y": 281
            }
        },
        {
            "behavior": "previousPage",
            "id": "up",
            "location": {
                "height": 117,
                "width": 50,
                "x": 0,
                "y": 403
            }
        },
        {
            "behavior": "onMenu",
            "id": "menu",
            "isHold": true,
            "location": {
                "height": 117,
                "width": 50,
                "x": 0,
                "y": 403
            }
        },
        {
            "behavior": "nextPage",
            "id": "down",
            "location": {
                "height": 117,
                "width": 87,
                "x": 14,
                "y": 552
            }
        },
        {
            "behavior": "onBack",
            "id": "esc",
            "location": {
                "height": 130,
                "width": 53,
                "x": 596,
                "y": 506
            }
        }
    ],
    "layouts": [
        {
            "actionMenu": {
                "area": {
                    "height": 416,
                    "width": 374,
                    "x": 374,
                    "y": 0
                },
                "borderWidth": 2,
                "colors": {
                    "background": "212021",
                    "border": "FFFBFF",
                    "selected": "FFFBFF",
                    "selectedText": "FFFBFF",
                    "text": "ADAAAD"
                },
                "entries": [
                    {
                        "alignment": "left",
                        "height": 60,
                        "selection": true,
                        "textPaddingRight": 28,
                        "x": 13,
                        "y": 175
                    }
                ],
                "expands": true,
                "selectionDisplay": {
                    "height": 65,
                    "width": 4,
                    "x": 5,
                    "y": 176
                },
                "type": "partial"
            },
            "datafields": {
                "datafields": [
                    {
                        "drawBorders": true,
                        "fields": [
                            {
                                "data": {
                                    "font": "simExtNumber5",
                                    "justification": "center",
                                    "width": 410,
                                    "x": 208,
                                    "y": 256
                                },
                                "label": {
                                    "font": "simExtNumber1",
                                    "justification": "center",
                                    "x": 208,
                                    "y": 118
                                },
                                "labelDisabled": false,
                                "location": {
                                    "height": 416,
                                    "width": 416,
                                    "x": 0,
                                    "y": 0
                                },
                                "obscurity": [
                                    "left",
                                    "top",
                                    "right",
                                    "bottom"
                                ]
                            }
                        ],
                        "name": "1 Field"
                    },
                    {
                        "drawBorders": true,
                        "fields": [
                            {
                                "data": {
                                    "font": "numberThaiHot",
                                    "justification": "center",
                                    "width": 323,
                                    "x": 208,
                                    "y": 181
                                },
                                "label": {
                                    "font": "simExtNumber1",
                                    "justification": "center",
                                    "x": 208,
                                    "y": 85
                                },
                                "labelDisabled": false,
                                "location": {
                                    "height": 207,
                                    "width": 416,
                                    "x": 0,
                                    "y": 0
                                },
                                "obscurity": [
                                    "left",
                                    "top",
                                    "right"
                                ]
                            },
                            {
                                "data": {
                                    "font": "numberThaiHot",
                                    "justification": "center",
                                    "width": 323,
                                    "x": 208,
                                    "y": 123
                                },
                                "label": {
                                    "font": "simExtNumber1",
                                    "justification": "center",
                                    "x": 208,
                                    "y": 32
                                },
                                "labelDisabled": false,
                                "location": {
                                    "height": 207,
                                    "width": 416,
                                    "x": 0,
                                    "y": 209
                                },
                                "obscurity": [
                                    "left",
                                    "right",
                                    "bottom"
                                ]
                            }
                        ],
                        "name": "2 Fields"
                    },
                    {
                        "drawBorders": true,
                        "fields": [
                            {
                                "data": {
                                    "font": "numberMedium",
                                    "justification": "center",
                                    "width": 224,
                                    "x": 208,
                                    "y": 121
                                },
                                "label": {
                                    "font": "simExtNumber1",
                                    "justification": "center",
                                    "x": 208,
                                    "y": 55
                                },
                                "labelDisabled": false,
                                "location": {
                                    "height": 132,
                                    "width": 416,
                                    "x": 0,
                                    "y": 0
                                },
                                "obscurity": [
                                    "left",
                                    "top",
                                    "right"
                                ]
                            },
                            {
                                "data": {
                                    "font": "simExtNumber5",
                                    "justification": "center",
                                    "width": 410,
                                    "x": 208,
                                    "y": 134
                                },
                                "label": {
                                    "font": "simExtNumber1",
                                    "justification": "center",
                                    "x": 208,
                                    "y": 26
                                },
                                "labelDisabled": false,
                                "location": {
                                    "height": 148,
                                    "width": 416,
                                    "x": 0,
                                    "y": 134
                                },
                                "obscurity": [
                                    "left",
                                    "right"
                                ]
                            },
                            {
                                "data": {
                                    "font": "numberMedium",
                                    "justification": "center",
                                    "width": 224,
                                    "x": 208,
                                    "y": 90
                                },
                                "label": {
                                    "font": "simExtNumber1",
                                    "justification": "center",
                                    "x": 208,
                                    "y": 24
                                },
                                "labelDisabled": false,
                                "location": {
                                    "height": 132,
                                    "width": 416,
                                    "x": 0,
                                    "y": 284
                                },
                                "obscurity": [
                                    "left",
                                    "right",
                                    "bottom"
                                ]
                            }
                        ],
                        "name": "3 Fields A"
                    },
                    {
                        "drawBorders": true,
                        "fields": [
                            {
                                "data": {
                                    "font": "numberThaiHot",
                                    "justification": "center",
                                    "width": 332,
                                    "x": 208,
                                    "y": 136
                                },
                                "label": {
                                    "font": "simExtNumber1",
                                    "justification": "center",
                                    "x": 65535,
                                    "y": 65535
                                },
                                "labelDisabled": false,
                                "location": {
                                    "height": 141,
                                    "width": 416,
                                    "x": 0,
                                    "y": 0
                                },
                                "obscurity": [
                                    "left",
                                    "top",
                                    "right"
                                ]
                            },
                            {
                                "data": {
                                    "font": "simExtNumber5",
                                    "justification": "center",
                                    "width": 410,
                                    "x": 208,
                                    "y": 110
                                },
                                "label": {
                                    "font": "simExtNumber1",
                                    "justification": "center",
                                    "x": 65535,
                                    "y": 65535
                                },
                                "labelDisabled": false,
                                "location": {
                                    "height": 130,
                                    "width": 416,
                                    "x": 0,
                                    "y": 142
                                },
                                "obscurity": [
                                    "left",
                                    "right"
                                ]
                            },
                            {
                                "data": {
                                    "font": "numberThaiHot",
                                    "justification": "center",
                                    "width": 332,
                                    "x": 208,
                                    "y": 72
                                },
                                "label": {
                                    "font": "simExtNumber1",
                                    "justification": "center",
                                    "x": 65535,
                                    "y": 65535
                                },
                                "labelDisabled": false,
                                "location": {
                                    "height": 141,
                                    "width": 416,
                                    "x": 0,
                                    "y": 274
                                },
                                "obscurity": [
                                    "left",
                                    "right",
                                    "bottom"
                                ]
                            }
                        ],
                        "name": "3 Fields B"
                    },
                    {
                        "drawBorders": true,
                        "fields": [
                            {
                                "data": {
                                    "font": "numberThaiHot",
                                    "justification": "center",
                                    "width": 323,
                                    "x": 208,
                                    "y": 181
                                },
                                "label": {
                                    "font": "simExtNumber1",
                                    "justification": "center",
                                    "x": 208,
                                    "y": 85
                                },
                                "labelDisabled": false,
                                "location": {
                                    "height": 207,
                                    "width": 416,
                                    "x": 0,
                                    "y": 0
                                },
                                "obscurity": [
                                    "left",
                                    "top",
                                    "right"
                                ]
                            },
                            {
                                "data": {
                                    "font": "numberMild",
                                    "justification": "center",
                                    "width": 183,
                                    "x": 115,
                                    "y": 96
                                },
                                "label": {
                                    "font": "simExtNumber1",
                                    "justification": "center",
                                    "x": 108,
                                    "y": 34
                                },
                                "labelDisabled": false,
                                "location": {
                                    "height": 207,
                                    "width": 207,
                                    "x": 0,
                                    "y": 209
                                },
                                "obscurity": [
                                    "left",
                                    "bottom"
                                ]
                            },
                            {
                                "data": {
                                    "font": "numberMild",
                                    "justification": "center",
                                    "width": 183,
                                    "x": 93,
                                    "y": 96
                                },
                                "label": {
                                    "font": "simExtNumber1",
                                    "justification": "center",
                                    "x": 99,
                                    "y": 34
                                },
                                "labelDisabled": false,
                                "location": {
                                    "height": 207,
                                    "width": 207,
                                    "x": 209,
                                    "y": 209
                                },
                                "obscurity": [
                                    "right",
                                    "bottom"
                                ]
                            }
                        ],
                        "name": "3 Fields C"
                    },
                    {
                        "drawBorders": true,
                        "fields": [
                            {
                                "data": {
                                    "font": "simExtNumber2",
                                    "justification": "center",
                                    "width": 194,
                                    "x": 208,
                                    "y": 86
                                },
                                "label": {
                                    "font": "simExtNumber1",
                                    "justification": "center",
                                    "x": 208,
                                    "y": 41
                                },
                                "labelDisabled": false,
                                "location": {
                                    "height": 103,
                                    "width": 416,
                                    "x": 0,
                                    "y": 0
                                },
                                "obscurity": [
                                    "left",
                                    "top",
                                    "right"
                                ]
                            },
                            {
                                "data": {
                                    "font": "numberMedium",
                                    "justification": "center",
                                    "width": 224,
                                    "x": 208,
                                    "y": 92
                                },
                                "label": {
                                    "font": "simExtNumber1",
                                    "justification": "center",
                                    "x": 208,
                                    "y": 26
                                },
                                "labelDisabled": false,
                                "location": {
                                    "height": 103,
                                    "width": 416,
                                    "x": 0,
                                    "y": 104
                                },
                                "obscurity": [
                                    "left",
                                    "right"
                                ]
                            },
                            {
                                "data": {
                                    "font": "numberMedium",
                                    "justification": "center",
                                    "width": 224,
                                    "x": 208,
                                    "y": 92
                                },
                                "label": {
                                    "font": "simExtNumber1",
                                    "justification": "center",
                                    "x": 208,
                                    "y": 26
                                },
                                "labelDisabled": false,
                                "location": {
                                    "height": 103,
                                    "width": 416,
                                    "x": 0,
                                    "y": 208
                                },
                                "obscurity": [
                                    "left",
                                    "right"
                                ]
                            },
                            {
                                "data": {
                                    "font": "simExtNumber2",
                                    "justification": "center",
                                    "width": 194,
                                    "x": 208,
                                    "y": 73
                                },
                                "label": {
                                    "font": "simExtNumber1",
                                    "justification": "center",
                                    "x": 208,
                                    "y": 26
                                },
                                "labelDisabled": false,
                                "location": {
                                    "height": 103,
                                    "width": 416,
                                    "x": 0,
                                    "y": 312
                                },
                                "obscurity": [
                                    "left",
                                    "right",
                                    "bottom"
                                ]
                            }
                        ],
                        "name": "4 Fields A"
                    },
                    {
                        "drawBorders": true,
                        "fields": [
                            {
                                "data": {
                                    "font": "simExtNumber3",
                                    "justification": "center",
                                    "width": 224,
                                    "x": 208,
                                    "y": 135
                                },
                                "label": {
                                    "font": "simExtNumber1",
                                    "justification": "center",
                                    "x": 208,
                                    "y": 58
                                },
                                "labelDisabled": false,
                                "location": {
                                    "height": 148,
                                    "width": 416,
                                    "x": 0,
                                    "y": 0
                                },
                                "obscurity": [
                                    "left",
                                    "top",
                                    "right"
                                ]
                            },
                            {
                                "data": {
                                    "font": "simExtNumber4",
                                    "justification": "center",
                                    "width": 204,
                                    "x": 104,
                                    "y": 95
                                },
                                "label": {
                                    "font": "simExtNumber1",
                                    "justification": "center",
                                    "x": 109,
                                    "y": 31
                                },
                                "labelDisabled": false,
                                "location": {
                                    "height": 116,
                                    "width": 207,
                                    "x": 0,
                                    "y": 150
                                },
                                "obscurity": [
                                    "left"
                                ]
                            },
                            {
                                "data": {
                                    "font": "simExtNumber4",
                                    "justification": "center",
                                    "width": 204,
                                    "x": 104,
                                    "y": 95
                                },
                                "label": {
                                    "font": "simExtNumber1",
                                    "justification": "center",
                                    "x": 98,
                                    "y": 31
                                },
                                "labelDisabled": false,
                                "location": {
                                    "height": 116,
                                    "width": 207,
                                    "x": 209,
                                    "y": 150
                                },
                                "obscurity": [
                                    "right"
                                ]
                            },
                            {
                                "data": {
                                    "font": "simExtNumber3",
                                    "justification": "center",
                                    "width": 224,
                                    "x": 208,
                                    "y": 98
                                },
                                "label": {
                                    "font": "simExtNumber1",
                                    "justification": "center",
                                    "x": 208,
                                    "y": 22
                                },
                                "labelDisabled": false,
                                "location": {
                                    "height": 148,
                                    "width": 416,
                                    "x": 0,
                                    "y": 268
                                },
                                "obscurity": [
                                    "left",
                                    "right",
                                    "bottom"
                                ]
                            }
                        ],
                        "name": "4 Fields B"
                    },
                    {
                        "drawBorders": true,
                        "fields": [
                            {
                                "data": {
                                    "font": "numberMild",
                                    "justification": "center",
                                    "width": 183,
                                    "x": 115,
                                    "y": 184
                                },
                                "label": {
                                    "font": "simExtNumber1",
                                    "justification": "center",
                                    "x": 121,
                                    "y": 116
                                },
                                "labelDisabled": false,
                                "location": {
                                    "height": 207,
                                    "width": 207,
                                    "x": 0,
                                    "y": 0
                                },
                                "obscurity": [
                                    "left",
                                    "top"
                                ]
                            },
                            {
                                "data": {
                                    "font": "numberMild",
                                    "justification": "center",
                                    "width": 183,
                                    "x": 93,
                                    "y": 184
                                },
                                "label": {
                                    "font": "simExtNumber1",
                                    "justification": "center",
                                    "x": 86,
                                    "y": 116
                                },
                                "labelDisabled": false,
                                "location": {
                                    "height": 207,
                                    "width": 207,
                                    "x": 209,
                                    "y": 0
                                },
                                "obscurity": [
                                    "top",
                                    "right"
                                ]
                            },
                            {
                                "data": {
                                    "font": "numberMild",
                                    "justification": "center",
                                    "width": 183,
                                    "x": 115,
                                    "y": 96
                                },
                                "label": {
                                    "font": "simExtNumber1",
                                    "justification": "center",
                                    "x": 108,
                                    "y": 34
                                },
                                "labelDisabled": false,
                                "location": {
                                    "height": 207,
                                    "width": 207,
                                    "x": 0,
                                    "y": 209
                                },
                                "obscurity": [
                                    "left",
                                    "bottom"
                                ]
                            },
                            {
                                "data": {
                                    "font": "numberMild",
                                    "justification": "center",
                                    "width": 183,
                                    "x": 93,
                                    "y": 96
                                },
                                "label": {
                                    "font": "simExtNumber1",
                                    "justification": "center",
                                    "x": 99,
                                    "y": 34
                                },
                                "labelDisabled": false,
                                "location": {
                                    "height": 207,
                                    "width": 207,
                                    "x": 209,
                                    "y": 209
                                },
                                "obscurity": [
                                    "right",
                                    "bottom"
                                ]
                            }
                        ],
                        "name": "4 Fields C"
                    },
                    {
                        "drawBorders": true,
                        "fields": [
                            {
                                "data": {
                                    "font": "simExtNumber2",
                                    "justification": "center",
                                    "width": 194,
                                    "x": 208,
                                    "y": 86
                                },
                                "label": {
                                    "font": "simExtNumber1",
                                    "justification": "center",
                                    "x": 208,
                                    "y": 41
                                },
                                "labelDisabled": false,
                                "location": {
                                    "height": 103,
                                    "width": 416,
                                    "x": 0,
                                    "y": 0
                                },
                                "obscurity": [
                                    "left",
                                    "top",
                                    "right"
                                ]
                            },
                            {
                                "data": {
                                    "font": "numberMedium",
                                    "justification": "center",
                                    "width": 224,
                                    "x": 208,
                                    "y": 92
                                },
                                "label": {
                                    "font": "simExtNumber1",
                                    "justification": "center",
                                    "x": 208,
                                    "y": 26
                                },
                                "labelDisabled": false,
                                "location": {
                                    "height": 103,
                                    "width": 416,
                                    "x": 0,
                                    "y": 104
                                },
                                "obscurity": [
                                    "left",
                                    "right"
                                ]
                            },
                            {
                                "data": {
                                    "font": "simExtNumber2",
                                    "justification": "center",
                                    "width": 168,
                                    "x": 104,
                                    "y": 77
                                },
                                "label": {
                                    "font": "simExtNumber1",
                                    "justification": "center",
                                    "x": 105,
                                    "y": 26
                                },
                                "labelDisabled": false,
                                "location": {
                                    "height": 103,
                                    "width": 207,
                                    "x": 0,
                                    "y": 208
                                },
                                "obscurity": [
                                    "left"
                                ]
                            },
                            {
                                "data": {
                                    "font": "simExtNumber2",
                                    "justification": "center",
                                    "width": 168,
                                    "x": 104,
                                    "y": 77
                                },
                                "label": {
                                    "font": "simExtNumber1",
                                    "justification": "center",
                                    "x": 102,
                                    "y": 26
                                },
                                "labelDisabled": false,
                                "location": {
                                    "height": 103,
                                    "width": 207,
                                    "x": 209,
                                    "y": 208
                                },
                                "obscurity": [
                                    "right"
                                ]
                            },
                            {
                                "data": {
                                    "font": "simExtNumber2",
                                    "justification": "center",
                                    "width": 194,
                                    "x": 208,
                                    "y": 73
                                },
                                "label": {
                                    "font": "simExtNumber1",
                                    "justification": "center",
                                    "x": 208,
                                    "y": 26
                                },
                                "labelDisabled": false,
                                "location": {
                                    "height": 103,
                                    "width": 416,
                                    "x": 0,
                                    "y": 312
                                },
                                "obscurity": [
                                    "left",
                                    "right",
                                    "bottom"
                                ]
                            }
                        ],
                        "name": "5 Fields"
                    },
                    {
                        "drawBorders": true,
                        "fields": [
                            {
                                "data": {
                                    "font": "simExtNumber2",
                                    "justification": "center",
                                    "width": 194,
                                    "x": 208,
                                    "y": 86
                                },
                                "label": {
                                    "font": "simExtNumber1",
                                    "justification": "center",
                                    "x": 208,
                                    "y": 41
                                },
                                "labelDisabled": false,
                                "location": {
                                    "height": 103,
                                    "width": 416,
                                    "x": 0,
                                    "y": 0
                                },
                                "obscurity": [
                                    "left",
                                    "top",
                                    "right"
                                ]
                            },
                            {
                                "data": {
                                    "font": "simExtNumber2",
                                    "justification": "center",
                                    "width": 168,
                                    "x": 104,
                                    "y": 77
                                },
                                "label": {
                                    "font": "simExtNumber1",
                                    "justification": "center",
                                    "x": 113,
                                    "y": 26
                                },
                                "labelDisabled": false,
                                "location": {
                                    "height": 103,
                                    "width": 207,
                                    "x": 0,
                                    "y": 104
                                },
                                "obscurity": [
                                    "left"
                                ]
                            },
                            {
                                "data": {
                                    "font": "simExtNumber2",
                                    "justification": "center",
                                    "width": 168,
                                    "x": 104,
                                    "y": 77
                                },
                                "label": {
                                    "font": "simExtNumber1",
                                    "justification": "center",
                                    "x": 94,
                                    "y": 26
                                },
                                "labelDisabled": false,
                                "location": {
                                    "height": 103,
                                    "width": 207,
                                    "x": 209,
                                    "y": 104
                                },
                                "obscurity": [
                                    "right"
                                ]
                            },
                            {
                                "data": {
                                    "font": "simExtNumber2",
                                    "justification": "center",
                                    "width": 168,
                                    "x": 104,
                                    "y": 77
                                },
                                "label": {
                                    "font": "simExtNumber1",
                                    "justification": "center",
                                    "x": 105,
                                    "y": 26
                                },
                                "labelDisabled": false,
                                "location": {
                                    "height": 103,
                                    "width": 207,
                                    "x": 0,
                                    "y": 208
                                },
                                "obscurity": [
                                    "left"
                                ]
                            },
                            {
                                "data": {
                                    "font": "simExtNumber2",
                                    "justification": "center",
                                    "width": 168,
                                    "x": 104,
                                    "y": 77
                                },
                                "label": {
                                    "font": "simExtNumber1",
                                    "justification": "center",
                                    "x": 102,
                                    "y": 26
                                },
                                "labelDisabled": false,
                                "location": {
                                    "height": 103,
                                    "width": 207,
                                    "x": 209,
                                    "y": 208
                                },
                                "obscurity": [
                                    "right"
                                ]
                            },
                            {
                                "data": {
                                    "font": "simExtNumber2",
                                    "justification": "center",
                                    "width": 194,
                                    "x": 208,
                                    "y": 73
                                },
                                "label": {
                                    "font": "simExtNumber1",
                                    "justification": "center",
                                    "x": 208,
                                    "y": 26
                                },
                                "labelDisabled": false,
                                "location": {
                                    "height": 103,
                                    "width": 416,
                                    "x": 0,
                                    "y": 312
                                },
                                "obscurity": [
                                    "left",
                                    "right",
                                    "bottom"
                                ]
                            }
                        ],
                        "name": "6 Fields"
                    }
                ]
            },
            "menu2": {
                "customTitle": {
                    "height": 93,
                    "width": 225,
                    "x": 95,
                    "y": 42
                },
                "doneButtons": {
                    "bottom": true,
                    "top": true
                },
                "items": {
                    "checks": [
                        {
                            "alignment": "left",
                            "disabledIconFile": "menu2_check_off.png",
                            "enabledIconFile": "menu2_check_on.png",
                            "x": 0,
                            "y": 35
                        },
                        {
                            "alignment": "right",
                            "disabledIconFile": "menu2_check_off.png",
                            "enabledIconFile": "menu2_check_on.png",
                            "x": 310,
                            "y": 35
                        }
                    ],
                    "icons": {
                        "check": "left",
                        "icon": "left",
                        "leftLocation": {
                            "height": 30,
                            "width": 62,
                            "x": 0,
                            "y": 48
                        },
                        "rightLocation": {
                            "height": 30,
                            "width": 62,
                            "x": 298,
                            "y": 48
                        },
                        "toggle": "right"
                    },
                    "item": {
                        "activeLabelColor": "FFFFFF",
                        "activeSublabelColor": "c5c4c5",
                        "alignToggleLabelWithSublabel": true,
                        "alignment": "left",
                        "enabledItemSublabelColor": "00FF00",
                        "height": 134,
                        "labelFont": "tiny",
                        "labelLinePadding": 4,
                        "scrolling": true,
                        "showCustomItemSelector": true,
                        "subLabelFont": "auxiliaryFont1",
                        "sublabelLinePadding": 4,
                        "textColor": "FFFFFF",
                        "width": 416,
                        "xOffsetItem": 33
                    },
                    "labelAlignments": {
                        "basic": "left",
                        "check": "sameAsIcon",
                        "icon": "sameAsIcon",
                        "toggle": "left"
                    },
                    "labelXOffsets": {
                        "checkRight": -35,
                        "iconRight": -45,
                        "toggleLeft": 0
                    },
                    "region": {
                        "height": 134,
                        "width": 416,
                        "x": 0,
                        "y": 141
                    },
                    "stringWidths": {
                        "basic": 381,
                        "check": 305,
                        "icon": 300,
                        "toggle": 291
                    },
                    "subItem": {
                        "height": 134,
                        "labelFont": "tiny",
                        "labelShortenWithEllipsis": true,
                        "labelWidth": 373,
                        "showIcon": true,
                        "showSublabel": true,
                        "sublabelColor": "9c9a9c",
                        "sublabelShortenWithEllipsis": false,
                        "textColor": "cec7ce",
                        "yOffset": 0
                    },
                    "toggles": [
                        {
                            "alignment": "left",
                            "disabledIconFile": "menu2_toggle_off.png",
                            "enabledIconFile": "menu2_toggle_on.png",
                            "x": 0,
                            "y": 74
                        },
                        {
                            "alignment": "right",
                            "disabledIconFile": "menu2_toggle_off.png",
                            "enabledIconFile": "menu2_toggle_on.png",
                            "x": 298,
                            "y": 74
                        }
                    ]
                },
                "mode": "threeItemDark",
                "subscreen": {
                    "image": "dDial_window.png",
                    "overlays": [
                        {
                            "filename": "overlay_Default.png",
                            "name": "default"
                        },
                        {
                            "filename": "overlay_Blue.png",
                            "name": "blue"
                        },
                        {
                            "filename": "overlay_Cyan.png",
                            "name": "cyan"
                        },
                        {
                            "filename": "overlay_Green.png",
                            "name": "green"
                        },
                        {
                            "filename": "overlay_Yellow.png",
                            "name": "yellow"
                        },
                        {
                            "filename": "overlay_Orange.png",
                            "name": "orange"
                        },
                        {
                            "filename": "overlay_Red.png",
                            "name": "red"
                        },
                        {
                            "filename": "overlay_Purple.png",
                            "name": "purple"
                        }
                    ],
                    "region": {
                        "height": 165,
                        "width": 416,
                        "x": 0,
                        "y": 0
                    }
                },
                "themes": {
                    "area": {
                        "height": 134,
                        "width": 416,
                        "x": 0,
                        "y": 141
                    },
                    "themes": [
                        {
                            "filename": "dLists_Default.png",
                            "name": "default"
                        },
                        {
                            "filename": "dLists_Blue.png",
                            "name": "blue"
                        },
                        {
                            "filename": "dLists_Cyan.png",
                            "name": "cyan"
                        },
                        {
                            "filename": "dLists_Green.png",
                            "name": "green"
                        },
                        {
                            "filename": "dLists_Yellow.png",
                            "name": "yellow"
                        },
                        {
                            "filename": "dLists_Orange.png",
                            "name": "orange"
                        },
                        {
                            "filename": "dLists_Red.png",
                            "name": "red"
                        },
                        {
                            "filename": "dLists_Purple.png",
                            "name": "purple"
                        }
                    ]
                },
                "title": {
                    "backgroundImage": "dHeader_window.png",
                    "backgroundImageArea": {
                        "height": 165,
                        "width": 416
                    },
                    "height": 141,
                    "width": 416,
                    "x": 0,
                    "y": 0
                },
                "titleString": {
                    "alignment": "center",
                    "font": "tiny",
                    "width": 210,
                    "x": 185,
                    "y": 72
                }
            },
            "orientation": "portrait",
            "pageIndicator": {
                "backgroundWidth": 2,
                "colors": {
                    "background": "4C4C4C",
                    "outline": "4C4C4C",
                    "selected": "FFFFFF"
                },
                "location": "left",
                "outlineWidth": -1,
                "selectedWidth": 4,
                "timeout": 5000,
                "type": "arc"
            },
            "picker": {
                "entries": [
                    {
                        "height": 169,
                        "width": 109,
                        "x": 21,
                        "y": 185
                    },
                    {
                        "height": 169,
                        "width": 109,
                        "x": 153,
                        "y": 185
                    },
                    {
                        "height": 169,
                        "width": 109,
                        "x": 285,
                        "y": 185
                    }
                ],
                "nextArrow": {
                    "height": 56,
                    "width": 113,
                    "x": 151,
                    "y": 127
                },
                "previousArrow": {
                    "height": 60,
                    "width": 113,
                    "x": 151,
                    "y": 356
                },
                "showConfirm": true,
                "title": {
                    "height": 69,
                    "width": 416,
                    "x": 0,
                    "y": 56
                }
            },
            "toast": {
                "autoDismissTime": 8000,
                "colors": {
                    "background": "000000",
                    "subscreen": "FFFFFF",
                    "text": "FFFFFF"
                },
                "height": 141,
                "icon": {
                    "height": 40,
                    "width": 40,
                    "x": 208,
                    "y": 30
                },
                "text": {
                    "firstLine": 0,
                    "font": "small",
                    "height": 40,
                    "lineCount": 1,
                    "shortenWithEllipsis": true,
                    "staticJustification": 5,
                    "width": 340,
                    "x": 38,
                    "y": 94
                },
                "type": "partial"
            }
        }
    ],
    "orangeshiftSupport": true,
    "redshiftSupport": true,
    "screenProtectionSupport": true,
    "sensorHistory": [
        {
            "interval": 120,
            "size": 180,
            "type": "elevation"
        },
        {
            "interval": 60,
            "size": 360,
            "type": "heartrate"
        },
        {
            "interval": 120,
            "size": 180,
            "type": "pressure"
        },
        {
            "interval": 120,
            "size": 180,
            "type": "temperature"
        },
        {
            "interval": 3600,
            "size": 336,
            "type": "pulseox"
        },
        {
            "interval": 180,
            "size": 960,
            "type": "bodybattery"
        },
        {
            "interval": 180,
            "size": 480,
            "type": "stress"
        }
    ],
    "sensorSampleRate": {
        "highFrequencyRate": true,
        "maxAccelRate": 100,
        "maxGyroRate": 100,
        "maxMagRate": 50
    },
    "solarChargingSupport": false,
    "subscreen": {
        "location": {
            "height": 98,
            "width": 98,
            "x": 385,
            "y": 308
        }
    },
    "watchdogCount": 240000,
    "wifiExclusions": [
        "normal"
    ]
}