{
    "appStorageCapacity": 131072,
    "display": {
        "behaviors": [
            {
                "gesture": "swipeRight",
                "id": "previousPage"
            },
            {
                "gesture": "swipeLeft",
                "id": "nextPage"
            },
            {
                "gesture": "swipeUp"
            },
            {
                "gesture": "swipeDown"
            },
            {
                "gesture": "hold"
            },
            {
                "gesture": "release"
            },
            {
                "gesture": "tap",
                "id": "onSelect"
            }
        ],
        "isTouch": true,
        "landscapeOrientation": 90,
        "location": {
            "height": 717,
            "width": 480,
            "x": 101,
            "y": 104
        },
        "shape": "rectangle"
    },
    "fonts": [
        {
            "fontSet": "ww",
            "fonts": [
                {
                    "filename": "FNT_006B345900_FNT_1252_PRO_09",
                    "name": "xtiny"
                },
                {
                    "filename": "FNT_006B345900_FNT_1252_PRO_12",
                    "name": "tiny"
                },
                {
                    "filename": "FNT_006B345900_FNT_1252_PRO_14",
                    "name": "small"
                },
                {
                    "filename": "FNT_006B345900_FNT_1252_PRO_16",
                    "name": "medium"
                },
                {
                    "filename": "FNT_006B345900_FNT_1252_PRO_27",
                    "name": "large"
                },
                {
                    "filename": "FNT_006B345900_FNT_0000_PRO_22",
                    "name": "numberMild"
                },
                {
                    "filename": "FNT_006B345900_FNT_0000_PRO_32",
                    "name": "numberMedium"
                },
                {
                    "filename": "FNT_006B345900_FNT_0000_PRO_42",
                    "name": "numberHot"
                },
                {
                    "filename": "FNT_006B345900_FNT_0000_PRO_66",
                    "name": "numberThaiHot"
                }
            ]
        }
    ],
    "image": "montana7xx.png",
    "keys": [
        {
            "behavior": "onMenu",
            "id": "menu",
            "location": {
                "height": 65,
                "width": 62,
                "x": 519,
                "y": 756
            },
            "orientation": "portrait"
        },
        {
            "behavior": "onBack",
            "id": "esc",
            "location": {
                "height": 65,
                "width": 60,
                "x": 101,
                "y": 756
            },
            "orientation": "portrait"
        },
        {
            "behavior": "onMenu",
            "id": "menu",
            "location": {
                "height": 60,
                "width": 76,
                "x": 23,
                "y": 103
            },
            "orientation": "landscape"
        },
        {
            "behavior": "onBack",
            "id": "esc",
            "location": {
                "height": 60,
                "width": 76,
                "x": 23,
                "y": 522
            },
            "orientation": "landscape"
        }
    ],
    "layouts": [
        {
            "datafields": {
                "datafields": [
                    {
                        "drawBorders": true,
                        "fields": [
                            {
                                "data": {
                                    "font": "numberThaiHot",
                                    "justification": "center",
                                    "width": 470,
                                    "x": 234,
                                    "y": 160
                                },
                                "label": {
                                    "font": "small",
                                    "justification": "center",
                                    "x": 240,
                                    "y": 26
                                },
                                "labelDisabled": false,
                                "location": {
                                    "height": 220,
                                    "width": 478,
                                    "x": 1,
                                    "y": 35
                                },
                                "obscurity": []
                            }
                        ],
                        "name": "1 Fields"
                    },
                    {
                        "drawBorders": true,
                        "fields": [
                            {
                                "data": {
                                    "font": "numberMedium",
                                    "justification": "center",
                                    "width": 238,
                                    "x": 116,
                                    "y": 84
                                },
                                "label": {
                                    "font": "small",
                                    "justification": "center",
                                    "x": 120,
                                    "y": 26
                                },
                                "labelDisabled": false,
                                "location": {
                                    "height": 110,
                                    "width": 238,
                                    "x": 1,
                                    "y": 35
                                },
                                "obscurity": []
                            },
                            {
                                "data": {
                                    "font": "numberMedium",
                                    "justification": "center",
                                    "width": 238,
                                    "x": 116,
                                    "y": 84
                                },
                                "label": {
                                    "font": "small",
                                    "justification": "center",
                                    "x": 120,
                                    "y": 26
                                },
                                "labelDisabled": false,
                                "location": {
                                    "height": 110,
                                    "width": 238,
                                    "x": 241,
                                    "y": 35
                                },
                                "obscurity": []
                            },
                            {
                                "data": {
                                    "font": "numberMedium",
                                    "justification": "center",
                                    "width": 238,
                                    "x": 116,
                                    "y": 84
                                },
                                "label": {
                                    "font": "small",
                                    "justification": "center",
                                    "x": 120,
                                    "y": 26
                                },
                                "labelDisabled": false,
                                "location": {
                                    "height": 110,
                                    "width": 238,
                                    "x": 1,
                                    "y": 148
                                },
                                "obscurity": []
                            },
                            {
                                "data": {
                                    "font": "numberMedium",
                                    "justification": "center",
                                    "width": 238,
                                    "x": 116,
                                    "y": 84
                                },
                                "label": {
                                    "font": "small",
                                    "justification": "center",
                                    "x": 120,
                                    "y": 26
                                },
                                "labelDisabled": false,
                                "location": {
                                    "height": 110,
                                    "width": 238,
                                    "x": 241,
                                    "y": 148
                                },
                                "obscurity": []
                            },
                            {
                                "data": {
                                    "font": "numberThaiHot",
                                    "justification": "center",
                                    "width": 478,
                                    "x": 235,
                                    "y": 165
                                },
                                "label": {
                                    "font": "small",
                                    "justification": "center",
                                    "x": 240,
                                    "y": 26
                                },
                                "labelDisabled": false,
                                "location": {
                                    "height": 229,
                                    "width": 478,
                                    "x": 1,
                                    "y": 263
                                },
                                "obscurity": []
                            },
                            {
                                "data": {
                                    "font": "numberThaiHot",
                                    "justification": "center",
                                    "width": 478,
                                    "x": 235,
                                    "y": 165
                                },
                                "label": {
                                    "font": "small",
                                    "justification": "center",
                                    "x": 240,
                                    "y": 26
                                },
                                "labelDisabled": false,
                                "location": {
                                    "height": 229,
                                    "width": 478,
                                    "x": 1,
                                    "y": 493
                                },
                                "obscurity": []
                            }
                        ],
                        "name": "6 Fields"
                    },
                    {
                        "drawBorders": true,
                        "fields": [
                            {
                                "data": {
                                    "font": "numberMedium",
                                    "justification": "center",
                                    "width": 238,
                                    "x": 116,
                                    "y": 84
                                },
                                "label": {
                                    "font": "small",
                                    "justification": "center",
                                    "x": 120,
                                    "y": 26
                                },
                                "labelDisabled": false,
                                "location": {
                                    "height": 110,
                                    "width": 238,
                                    "x": 1,
                                    "y": 35
                                },
                                "obscurity": []
                            },
                            {
                                "data": {
                                    "font": "numberMedium",
                                    "justification": "center",
                                    "width": 238,
                                    "x": 116,
                                    "y": 84
                                },
                                "label": {
                                    "font": "small",
                                    "justification": "center",
                                    "x": 120,
                                    "y": 26
                                },
                                "labelDisabled": false,
                                "location": {
                                    "height": 110,
                                    "width": 238,
                                    "x": 241,
                                    "y": 35
                                },
                                "obscurity": []
                            },
                            {
                                "data": {
                                    "font": "numberMedium",
                                    "justification": "center",
                                    "width": 238,
                                    "x": 116,
                                    "y": 84
                                },
                                "label": {
                                    "font": "small",
                                    "justification": "center",
                                    "x": 120,
                                    "y": 26
                                },
                                "labelDisabled": false,
                                "location": {
                                    "height": 110,
                                    "width": 238,
                                    "x": 1,
                                    "y": 148
                                },
                                "obscurity": []
                            },
                            {
                                "data": {
                                    "font": "numberMedium",
                                    "justification": "center",
                                    "width": 238,
                                    "x": 116,
                                    "y": 84
                                },
                                "label": {
                                    "font": "small",
                                    "justification": "center",
                                    "x": 120,
                                    "y": 26
                                },
                                "labelDisabled": false,
                                "location": {
                                    "height": 110,
                                    "width": 238,
                                    "x": 241,
                                    "y": 148
                                },
                                "obscurity": []
                            },
                            {
                                "data": {
                                    "font": "numberThaiHot",
                                    "justification": "center",
                                    "width": 478,
                                    "x": 235,
                                    "y": 165
                                },
                                "label": {
                                    "font": "small",
                                    "justification": "center",
                                    "x": 240,
                                    "y": 26
                                },
                                "labelDisabled": false,
                                "location": {
                                    "height": 229,
                                    "width": 478,
                                    "x": 1,
                                    "y": 263
                                },
                                "obscurity": []
                            },
                            {
                                "data": {
                                    "font": "numberMedium",
                                    "justification": "center",
                                    "width": 238,
                                    "x": 116,
                                    "y": 85
                                },
                                "label": {
                                    "font": "small",
                                    "justification": "center",
                                    "x": 120,
                                    "y": 26
                                },
                                "labelDisabled": false,
                                "location": {
                                    "height": 113,
                                    "width": 238,
                                    "x": 1,
                                    "y": 493
                                },
                                "obscurity": []
                            },
                            {
                                "data": {
                                    "font": "numberMedium",
                                    "justification": "center",
                                    "width": 238,
                                    "x": 116,
                                    "y": 85
                                },
                                "label": {
                                    "font": "small",
                                    "justification": "center",
                                    "x": 120,
                                    "y": 26
                                },
                                "labelDisabled": false,
                                "location": {
                                    "height": 113,
                                    "width": 238,
                                    "x": 241,
                                    "y": 493
                                },
                                "obscurity": []
                            },
                            {
                                "data": {
                                    "font": "numberMedium",
                                    "justification": "center",
                                    "width": 238,
                                    "x": 116,
                                    "y": 85
                                },
                                "label": {
                                    "font": "small",
                                    "justification": "center",
                                    "x": 120,
                                    "y": 26
                                },
                                "labelDisabled": false,
                                "location": {
                                    "height": 113,
                                    "width": 238,
                                    "x": 1,
                                    "y": 608
                                },
                                "obscurity": []
                            },
                            {
                                "data": {
                                    "font": "numberMedium",
                                    "justification": "center",
                                    "width": 238,
                                    "x": 116,
                                    "y": 85
                                },
                                "label": {
                                    "font": "small",
                                    "justification": "center",
                                    "x": 120,
                                    "y": 26
                                },
                                "labelDisabled": false,
                                "location": {
                                    "height": 113,
                                    "width": 238,
                                    "x": 241,
                                    "y": 608
                                },
                                "obscurity": []
                            }
                        ],
                        "name": "9 Fields"
                    },
                    {
                        "drawBorders": true,
                        "fields": [
                            {
                                "data": {
                                    "font": "numberMedium",
                                    "justification": "center",
                                    "width": 238,
                                    "x": 116,
                                    "y": 84
                                },
                                "label": {
                                    "font": "small",
                                    "justification": "center",
                                    "x": 120,
                                    "y": 26
                                },
                                "labelDisabled": false,
                                "location": {
                                    "height": 110,
                                    "width": 238,
                                    "x": 1,
                                    "y": 35
                                },
                                "obscurity": []
                            },
                            {
                                "data": {
                                    "font": "numberMedium",
                                    "justification": "center",
                                    "width": 238,
                                    "x": 116,
                                    "y": 84
                                },
                                "label": {
                                    "font": "small",
                                    "justification": "center",
                                    "x": 120,
                                    "y": 26
                                },
                                "labelDisabled": false,
                                "location": {
                                    "height": 110,
                                    "width": 238,
                                    "x": 241,
                                    "y": 35
                                },
                                "obscurity": []
                            },
                            {
                                "data": {
                                    "font": "numberMedium",
                                    "justification": "center",
                                    "width": 238,
                                    "x": 116,
                                    "y": 84
                                },
                                "label": {
                                    "font": "small",
                                    "justification": "center",
                                    "x": 120,
                                    "y": 26
                                },
                                "labelDisabled": false,
                                "location": {
                                    "height": 110,
                                    "width": 238,
                                    "x": 1,
                                    "y": 148
                                },
                                "obscurity": []
                            },
                            {
                                "data": {
                                    "font": "numberMedium",
                                    "justification": "center",
                                    "width": 238,
                                    "x": 116,
                                    "y": 84
                                },
                                "label": {
                                    "font": "small",
                                    "justification": "center",
                                    "x": 120,
                                    "y": 26
                                },
                                "labelDisabled": false,
                                "location": {
                                    "height": 110,
                                    "width": 238,
                                    "x": 241,
                                    "y": 148
                                },
                                "obscurity": []
                            },
                            {
                                "data": {
                                    "font": "numberMedium",
                                    "justification": "center",
                                    "width": 238,
                                    "x": 116,
                                    "y": 105
                                },
                                "label": {
                                    "font": "small",
                                    "justification": "center",
                                    "x": 120,
                                    "y": 26
                                },
                                "labelDisabled": false,
                                "location": {
                                    "height": 152,
                                    "width": 238,
                                    "x": 1,
                                    "y": 263
                                },
                                "obscurity": []
                            },
                            {
                                "data": {
                                    "font": "numberMedium",
                                    "justification": "center",
                                    "width": 238,
                                    "x": 116,
                                    "y": 105
                                },
                                "label": {
                                    "font": "small",
                                    "justification": "center",
                                    "x": 120,
                                    "y": 26
                                },
                                "labelDisabled": false,
                                "location": {
                                    "height": 152,
                                    "width": 238,
                                    "x": 241,
                                    "y": 263
                                },
                                "obscurity": []
                            },
                            {
                                "data": {
                                    "font": "numberMedium",
                                    "justification": "center",
                                    "width": 238,
                                    "x": 116,
                                    "y": 105
                                },
                                "label": {
                                    "font": "small",
                                    "justification": "center",
                                    "x": 120,
                                    "y": 26
                                },
                                "labelDisabled": false,
                                "location": {
                                    "height": 152,
                                    "width": 238,
                                    "x": 1,
                                    "y": 417
                                },
                                "obscurity": []
                            },
                            {
                                "data": {
                                    "font": "numberMedium",
                                    "justification": "center",
                                    "width": 238,
                                    "x": 116,
                                    "y": 105
                                },
                                "label": {
                                    "font": "small",
                                    "justification": "center",
                                    "x": 120,
                                    "y": 26
                                },
                                "labelDisabled": false,
                                "location": {
                                    "height": 152,
                                    "width": 238,
                                    "x": 241,
                                    "y": 417
                                },
                                "obscurity": []
                            },
                            {
                                "data": {
                                    "font": "numberMedium",
                                    "justification": "center",
                                    "width": 238,
                                    "x": 116,
                                    "y": 105
                                },
                                "label": {
                                    "font": "small",
                                    "justification": "center",
                                    "x": 120,
                                    "y": 26
                                },
                                "labelDisabled": false,
                                "location": {
                                    "height": 152,
                                    "width": 238,
                                    "x": 1,
                                    "y": 571
                                },
                                "obscurity": []
                            },
                            {
                                "data": {
                                    "font": "numberMedium",
                                    "justification": "center",
                                    "width": 238,
                                    "x": 116,
                                    "y": 105
                                },
                                "label": {
                                    "font": "small",
                                    "justification": "center",
                                    "x": 120,
                                    "y": 26
                                },
                                "labelDisabled": false,
                                "location": {
                                    "height": 152,
                                    "width": 238,
                                    "x": 241,
                                    "y": 571
                                },
                                "obscurity": []
                            }
                        ],
                        "name": "10 Fields"
                    },
                    {
                        "drawBorders": true,
                        "fields": [
                            {
                                "data": {
                                    "font": "numberMedium",
                                    "justification": "center",
                                    "width": 238,
                                    "x": 116,
                                    "y": 84
                                },
                                "label": {
                                    "font": "small",
                                    "justification": "center",
                                    "x": 120,
                                    "y": 26
                                },
                                "labelDisabled": false,
                                "location": {
                                    "height": 110,
                                    "width": 238,
                                    "x": 1,
                                    "y": 35
                                },
                                "obscurity": []
                            },
                            {
                                "data": {
                                    "font": "numberMedium",
                                    "justification": "center",
                                    "width": 238,
                                    "x": 116,
                                    "y": 84
                                },
                                "label": {
                                    "font": "small",
                                    "justification": "center",
                                    "x": 120,
                                    "y": 26
                                },
                                "labelDisabled": false,
                                "location": {
                                    "height": 110,
                                    "width": 238,
                                    "x": 241,
                                    "y": 35
                                },
                                "obscurity": []
                            },
                            {
                                "data": {
                                    "font": "numberMedium",
                                    "justification": "center",
                                    "width": 238,
                                    "x": 116,
                                    "y": 84
                                },
                                "label": {
                                    "font": "small",
                                    "justification": "center",
                                    "x": 120,
                                    "y": 26
                                },
                                "labelDisabled": false,
                                "location": {
                                    "height": 110,
                                    "width": 238,
                                    "x": 1,
                                    "y": 148
                                },
                                "obscurity": []
                            },
                            {
                                "data": {
                                    "font": "numberMedium",
                                    "justification": "center",
                                    "width": 238,
                                    "x": 116,
                                    "y": 84
                                },
                                "label": {
                                    "font": "small",
                                    "justification": "center",
                                    "x": 120,
                                    "y": 26
                                },
                                "labelDisabled": false,
                                "location": {
                                    "height": 110,
                                    "width": 238,
                                    "x": 241,
                                    "y": 148
                                },
                                "obscurity": []
                            },
                            {
                                "data": {
                                    "font": "numberMedium",
                                    "justification": "center",
                                    "width": 238,
                                    "x": 116,
                                    "y": 85
                                },
                                "label": {
                                    "font": "small",
                                    "justification": "center",
                                    "x": 120,
                                    "y": 26
                                },
                                "labelDisabled": false,
                                "location": {
                                    "height": 113,
                                    "width": 238,
                                    "x": 1,
                                    "y": 263
                                },
                                "obscurity": []
                            },
                            {
                                "data": {
                                    "font": "numberMedium",
                                    "justification": "center",
                                    "width": 238,
                                    "x": 116,
                                    "y": 85
                                },
                                "label": {
                                    "font": "small",
                                    "justification": "center",
                                    "x": 120,
                                    "y": 26
                                },
                                "labelDisabled": false,
                                "location": {
                                    "height": 113,
                                    "width": 238,
                                    "x": 241,
                                    "y": 263
                                },
                                "obscurity": []
                            },
                            {
                                "data": {
                                    "font": "numberMedium",
                                    "justification": "center",
                                    "width": 238,
                                    "x": 116,
                                    "y": 85
                                },
                                "label": {
                                    "font": "small",
                                    "justification": "center",
                                    "x": 120,
                                    "y": 26
                                },
                                "labelDisabled": false,
                                "location": {
                                    "height": 113,
                                    "width": 238,
                                    "x": 1,
                                    "y": 378
                                },
                                "obscurity": []
                            },
                            {
                                "data": {
                                    "font": "numberMedium",
                                    "justification": "center",
                                    "width": 238,
                                    "x": 116,
                                    "y": 85
                                },
                                "label": {
                                    "font": "small",
                                    "justification": "center",
                                    "x": 120,
                                    "y": 26
                                },
                                "labelDisabled": false,
                                "location": {
                                    "height": 113,
                                    "width": 238,
                                    "x": 241,
                                    "y": 378
                                },
                                "obscurity": []
                            },
                            {
                                "data": {
                                    "font": "numberMedium",
                                    "justification": "center",
                                    "width": 238,
                                    "x": 116,
                                    "y": 85
                                },
                                "label": {
                                    "font": "small",
                                    "justification": "center",
                                    "x": 120,
                                    "y": 26
                                },
                                "labelDisabled": false,
                                "location": {
                                    "height": 113,
                                    "width": 238,
                                    "x": 1,
                                    "y": 493
                                },
                                "obscurity": []
                            },
                            {
                                "data": {
                                    "font": "numberMedium",
                                    "justification": "center",
                                    "width": 238,
                                    "x": 116,
                                    "y": 85
                                },
                                "label": {
                                    "font": "small",
                                    "justification": "center",
                                    "x": 120,
                                    "y": 26
                                },
                                "labelDisabled": false,
                                "location": {
                                    "height": 113,
                                    "width": 238,
                                    "x": 241,
                                    "y": 493
                                },
                                "obscurity": []
                            },
                            {
                                "data": {
                                    "font": "numberMedium",
                                    "justification": "center",
                                    "width": 238,
                                    "x": 116,
                                    "y": 85
                                },
                                "label": {
                                    "font": "small",
                                    "justification": "center",
                                    "x": 120,
                                    "y": 26
                                },
                                "labelDisabled": false,
                                "location": {
                                    "height": 113,
                                    "width": 238,
                                    "x": 1,
                                    "y": 608
                                },
                                "obscurity": []
                            },
                            {
                                "data": {
                                    "font": "numberMedium",
                                    "justification": "center",
                                    "width": 238,
                                    "x": 116,
                                    "y": 85
                                },
                                "label": {
                                    "font": "small",
                                    "justification": "center",
                                    "x": 120,
                                    "y": 26
                                },
                                "labelDisabled": false,
                                "location": {
                                    "height": 113,
                                    "width": 238,
                                    "x": 241,
                                    "y": 608
                                },
                                "obscurity": []
                            }
                        ],
                        "name": "12 Fields"
                    }
                ],
                "isTouchable": true
            },
            "map": [
                {
                    "file": "navigation_pointer.png",
                    "id": "navigationPointer",
                    "x": 225,
                    "y": 370
                }
            ],
            "menu2": {
                "customTitle": {
                    "height": 52,
                    "width": 480,
                    "x": 0,
                    "y": 18
                },
                "doneButtons": {
                    "bottom": true
                },
                "items": {
                    "checks": [
                        {
                            "alignment": "left",
                            "disabledIconFile": "menu2_check_off_montana7xx.png",
                            "enabledIconFile": "menu2_check_on_montana7xx.png",
                            "x": 11,
                            "y": 15
                        },
                        {
                            "alignment": "right",
                            "disabledIconFile": "menu2_check_off_montana7xx.png",
                            "enabledIconFile": "menu2_check_on_montana7xx.png",
                            "x": 427,
                            "y": 15
                        }
                    ],
                    "divider": 1,
                    "icons": {
                        "check": "right",
                        "icon": "right",
                        "leftLocation": {
                            "height": 35,
                            "width": 35,
                            "x": 8,
                            "y": 17
                        },
                        "rightLocation": {
                            "height": 35,
                            "width": 35,
                            "x": 437,
                            "y": 17
                        },
                        "toggle": "right"
                    },
                    "item": {
                        "height": 73,
                        "labelFont": "medium",
                        "labelVerticalCentered": false,
                        "subLabelFont": "small",
                        "width": 480,
                        "wrapLabel": false
                    },
                    "labelXOffsets": {
                        "checkLeft": 35,
                        "iconLeft": 35,
                        "toggleLeft": 10
                    },
                    "region": {
                        "height": 73,
                        "width": 480,
                        "x": 0,
                        "y": 0
                    },
                    "stringWidths": {
                        "basic": 464,
                        "check": 415,
                        "icon": 435,
                        "toggle": 440
                    },
                    "subItem": {
                        "height": 51,
                        "labelFont": "tiny",
                        "labelWidth": 178,
                        "yOffset": 2
                    },
                    "toggles": [
                        {
                            "alignment": "left",
                            "disabledIconFile": "menu2_toggle_off_montana7xx.png",
                            "enabledIconFile": "menu2_toggle_on_montana7xx.png",
                            "x": 5,
                            "y": 7
                        },
                        {
                            "alignment": "right",
                            "disabledIconFile": "menu2_toggle_off_montana7xx.png",
                            "enabledIconFile": "menu2_toggle_on_montana7xx.png",
                            "x": 450,
                            "y": 7
                        }
                    ]
                },
                "mode": "scroll",
                "nextArrowPoints": [
                    {
                        "x": 239,
                        "y": 389
                    },
                    {
                        "x": 240,
                        "y": 389
                    },
                    {
                        "x": 247,
                        "y": 382
                    },
                    {
                        "x": 232,
                        "y": 382
                    }
                ],
                "previousArrowPoints": [
                    {
                        "x": 239,
                        "y": 11
                    },
                    {
                        "x": 240,
                        "y": 11
                    },
                    {
                        "x": 247,
                        "y": 18
                    },
                    {
                        "x": 232,
                        "y": 18
                    }
                ],
                "title": {
                    "backgroundColor": "000000",
                    "height": 73,
                    "textColor": "FFFFFF",
                    "width": 480,
                    "x": 0,
                    "y": 0
                },
                "titleString": {
                    "font": "medium",
                    "width": 480,
                    "x": 240,
                    "y": 52
                }
            },
            "orientation": "portrait",
            "picker": {
                "entries": [
                    {
                        "height": 232,
                        "width": 155,
                        "x": 5,
                        "y": 320
                    },
                    {
                        "height": 232,
                        "width": 160,
                        "x": 160,
                        "y": 320
                    },
                    {
                        "height": 232,
                        "width": 155,
                        "x": 320,
                        "y": 320
                    }
                ],
                "nextArrow": {
                    "display_size": {
                        "height": 45,
                        "width": 46
                    },
                    "height": 232,
                    "width": 470,
                    "x": 5,
                    "y": 88
                },
                "previousArrow": {
                    "display_size": {
                        "height": 45,
                        "width": 46
                    },
                    "height": 232,
                    "width": 470,
                    "x": 5,
                    "y": 552
                },
                "showConfirm": true,
                "title": {
                    "height": 73,
                    "width": 480,
                    "x": 0,
                    "y": 0
                }
            }
        },
        {
            "datafields": {
                "datafields": [
                    {
                        "drawBorders": true,
                        "fields": [
                            {
                                "data": {
                                    "font": "numberHot",
                                    "justification": "center",
                                    "width": 215,
                                    "x": 111,
                                    "y": 140
                                },
                                "label": {
                                    "font": "small",
                                    "justification": "center",
                                    "x": 111,
                                    "y": 26
                                },
                                "labelDisabled": false,
                                "location": {
                                    "height": 232,
                                    "width": 222,
                                    "x": 577,
                                    "y": 153
                                },
                                "obscurity": []
                            }
                        ],
                        "name": "1 Fields"
                    },
                    {
                        "drawBorders": true,
                        "fields": [
                            {
                                "data": {
                                    "font": "numberThaiHot",
                                    "justification": "center",
                                    "width": 480,
                                    "x": 246,
                                    "y": 160
                                },
                                "label": {
                                    "font": "small",
                                    "justification": "center",
                                    "x": 246,
                                    "y": 26
                                },
                                "labelDisabled": false,
                                "location": {
                                    "height": 222,
                                    "width": 493,
                                    "x": 76,
                                    "y": 33
                                },
                                "obscurity": []
                            },
                            {
                                "data": {
                                    "font": "numberThaiHot",
                                    "justification": "center",
                                    "width": 480,
                                    "x": 246,
                                    "y": 160
                                },
                                "label": {
                                    "font": "small",
                                    "justification": "center",
                                    "x": 246,
                                    "y": 26
                                },
                                "labelDisabled": false,
                                "location": {
                                    "height": 222,
                                    "width": 493,
                                    "x": 76,
                                    "y": 257
                                },
                                "obscurity": []
                            },
                            {
                                "data": {
                                    "font": "numberMedium",
                                    "justification": "center",
                                    "width": 210,
                                    "x": 110,
                                    "y": 85
                                },
                                "label": {
                                    "font": "small",
                                    "justification": "center",
                                    "x": 111,
                                    "y": 26
                                },
                                "labelDisabled": false,
                                "location": {
                                    "height": 110,
                                    "width": 222,
                                    "x": 577,
                                    "y": 33
                                },
                                "obscurity": []
                            },
                            {
                                "data": {
                                    "font": "numberMedium",
                                    "justification": "center",
                                    "width": 210,
                                    "x": 110,
                                    "y": 85
                                },
                                "label": {
                                    "font": "small",
                                    "justification": "center",
                                    "x": 111,
                                    "y": 26
                                },
                                "labelDisabled": false,
                                "location": {
                                    "height": 110,
                                    "width": 222,
                                    "x": 577,
                                    "y": 145
                                },
                                "obscurity": []
                            },
                            {
                                "data": {
                                    "font": "numberMedium",
                                    "justification": "center",
                                    "width": 210,
                                    "x": 110,
                                    "y": 85
                                },
                                "label": {
                                    "font": "small",
                                    "justification": "center",
                                    "x": 111,
                                    "y": 26
                                },
                                "labelDisabled": false,
                                "location": {
                                    "height": 110,
                                    "width": 222,
                                    "x": 577,
                                    "y": 257
                                },
                                "obscurity": []
                            },
                            {
                                "data": {
                                    "font": "numberMedium",
                                    "justification": "center",
                                    "width": 210,
                                    "x": 110,
                                    "y": 85
                                },
                                "label": {
                                    "font": "small",
                                    "justification": "center",
                                    "x": 111,
                                    "y": 26
                                },
                                "labelDisabled": false,
                                "location": {
                                    "height": 110,
                                    "width": 222,
                                    "x": 577,
                                    "y": 369
                                },
                                "obscurity": []
                            }
                        ],
                        "name": "6 Fields"
                    },
                    {
                        "drawBorders": true,
                        "fields": [
                            {
                                "data": {
                                    "font": "numberThaiHot",
                                    "justification": "center",
                                    "width": 480,
                                    "x": 246,
                                    "y": 160
                                },
                                "label": {
                                    "font": "small",
                                    "justification": "center",
                                    "x": 246,
                                    "y": 26
                                },
                                "labelDisabled": false,
                                "location": {
                                    "height": 222,
                                    "width": 493,
                                    "x": 76,
                                    "y": 33
                                },
                                "obscurity": []
                            },
                            {
                                "data": {
                                    "font": "numberMedium",
                                    "justification": "center",
                                    "width": 238,
                                    "x": 122,
                                    "y": 85
                                },
                                "label": {
                                    "font": "small",
                                    "justification": "center",
                                    "x": 122,
                                    "y": 26
                                },
                                "labelDisabled": false,
                                "location": {
                                    "height": 110,
                                    "width": 245,
                                    "x": 76,
                                    "y": 257
                                },
                                "obscurity": []
                            },
                            {
                                "data": {
                                    "font": "numberMedium",
                                    "justification": "center",
                                    "width": 238,
                                    "x": 122,
                                    "y": 85
                                },
                                "label": {
                                    "font": "small",
                                    "justification": "center",
                                    "x": 122,
                                    "y": 26
                                },
                                "labelDisabled": false,
                                "location": {
                                    "height": 110,
                                    "width": 245,
                                    "x": 76,
                                    "y": 369
                                },
                                "obscurity": []
                            },
                            {
                                "data": {
                                    "font": "numberMedium",
                                    "justification": "center",
                                    "width": 238,
                                    "x": 122,
                                    "y": 85
                                },
                                "label": {
                                    "font": "small",
                                    "justification": "center",
                                    "x": 122,
                                    "y": 26
                                },
                                "labelDisabled": false,
                                "location": {
                                    "height": 110,
                                    "width": 245,
                                    "x": 323,
                                    "y": 257
                                },
                                "obscurity": []
                            },
                            {
                                "data": {
                                    "font": "numberMedium",
                                    "justification": "center",
                                    "width": 238,
                                    "x": 122,
                                    "y": 85
                                },
                                "label": {
                                    "font": "small",
                                    "justification": "center",
                                    "x": 122,
                                    "y": 26
                                },
                                "labelDisabled": false,
                                "location": {
                                    "height": 110,
                                    "width": 245,
                                    "x": 323,
                                    "y": 369
                                },
                                "obscurity": []
                            },
                            {
                                "data": {
                                    "font": "numberMedium",
                                    "justification": "center",
                                    "width": 210,
                                    "x": 110,
                                    "y": 85
                                },
                                "label": {
                                    "font": "small",
                                    "justification": "center",
                                    "x": 111,
                                    "y": 26
                                },
                                "labelDisabled": false,
                                "location": {
                                    "height": 110,
                                    "width": 222,
                                    "x": 577,
                                    "y": 33
                                },
                                "obscurity": []
                            },
                            {
                                "data": {
                                    "font": "numberMedium",
                                    "justification": "center",
                                    "width": 210,
                                    "x": 110,
                                    "y": 85
                                },
                                "label": {
                                    "font": "small",
                                    "justification": "center",
                                    "x": 111,
                                    "y": 26
                                },
                                "labelDisabled": false,
                                "location": {
                                    "height": 110,
                                    "width": 222,
                                    "x": 577,
                                    "y": 145
                                },
                                "obscurity": []
                            },
                            {
                                "data": {
                                    "font": "numberMedium",
                                    "justification": "center",
                                    "width": 210,
                                    "x": 110,
                                    "y": 85
                                },
                                "label": {
                                    "font": "small",
                                    "justification": "center",
                                    "x": 111,
                                    "y": 26
                                },
                                "labelDisabled": false,
                                "location": {
                                    "height": 110,
                                    "width": 222,
                                    "x": 577,
                                    "y": 257
                                },
                                "obscurity": []
                            },
                            {
                                "data": {
                                    "font": "numberMedium",
                                    "justification": "center",
                                    "width": 210,
                                    "x": 110,
                                    "y": 85
                                },
                                "label": {
                                    "font": "small",
                                    "justification": "center",
                                    "x": 111,
                                    "y": 26
                                },
                                "labelDisabled": false,
                                "location": {
                                    "height": 110,
                                    "width": 222,
                                    "x": 577,
                                    "y": 369
                                },
                                "obscurity": []
                            }
                        ],
                        "name": "9 Fields"
                    },
                    {
                        "drawBorders": true,
                        "fields": [
                            {
                                "data": {
                                    "font": "numberMedium",
                                    "justification": "center",
                                    "width": 238,
                                    "x": 122,
                                    "y": 98
                                },
                                "label": {
                                    "font": "small",
                                    "justification": "center",
                                    "x": 122,
                                    "y": 26
                                },
                                "labelDisabled": false,
                                "location": {
                                    "height": 145,
                                    "width": 245,
                                    "x": 76,
                                    "y": 33
                                },
                                "obscurity": []
                            },
                            {
                                "data": {
                                    "font": "numberMedium",
                                    "justification": "center",
                                    "width": 238,
                                    "x": 122,
                                    "y": 98
                                },
                                "label": {
                                    "font": "small",
                                    "justification": "center",
                                    "x": 122,
                                    "y": 26
                                },
                                "labelDisabled": false,
                                "location": {
                                    "height": 145,
                                    "width": 245,
                                    "x": 76,
                                    "y": 180
                                },
                                "obscurity": []
                            },
                            {
                                "data": {
                                    "font": "numberMedium",
                                    "justification": "center",
                                    "width": 238,
                                    "x": 122,
                                    "y": 98
                                },
                                "label": {
                                    "font": "small",
                                    "justification": "center",
                                    "x": 122,
                                    "y": 26
                                },
                                "labelDisabled": false,
                                "location": {
                                    "height": 145,
                                    "width": 245,
                                    "x": 76,
                                    "y": 327
                                },
                                "obscurity": []
                            },
                            {
                                "data": {
                                    "font": "numberMedium",
                                    "justification": "center",
                                    "width": 238,
                                    "x": 122,
                                    "y": 98
                                },
                                "label": {
                                    "font": "small",
                                    "justification": "center",
                                    "x": 122,
                                    "y": 26
                                },
                                "labelDisabled": false,
                                "location": {
                                    "height": 145,
                                    "width": 245,
                                    "x": 323,
                                    "y": 33
                                },
                                "obscurity": []
                            },
                            {
                                "data": {
                                    "font": "numberMedium",
                                    "justification": "center",
                                    "width": 238,
                                    "x": 122,
                                    "y": 98
                                },
                                "label": {
                                    "font": "small",
                                    "justification": "center",
                                    "x": 122,
                                    "y": 26
                                },
                                "labelDisabled": false,
                                "location": {
                                    "height": 145,
                                    "width": 245,
                                    "x": 323,
                                    "y": 180
                                },
                                "obscurity": []
                            },
                            {
                                "data": {
                                    "font": "numberMedium",
                                    "justification": "center",
                                    "width": 238,
                                    "x": 122,
                                    "y": 98
                                },
                                "label": {
                                    "font": "small",
                                    "justification": "center",
                                    "x": 122,
                                    "y": 26
                                },
                                "labelDisabled": false,
                                "location": {
                                    "height": 145,
                                    "width": 245,
                                    "x": 323,
                                    "y": 327
                                },
                                "obscurity": []
                            },
                            {
                                "data": {
                                    "font": "numberMedium",
                                    "justification": "center",
                                    "width": 210,
                                    "x": 110,
                                    "y": 85
                                },
                                "label": {
                                    "font": "small",
                                    "justification": "center",
                                    "x": 111,
                                    "y": 26
                                },
                                "labelDisabled": false,
                                "location": {
                                    "height": 110,
                                    "width": 222,
                                    "x": 577,
                                    "y": 33
                                },
                                "obscurity": []
                            },
                            {
                                "data": {
                                    "font": "numberMedium",
                                    "justification": "center",
                                    "width": 210,
                                    "x": 110,
                                    "y": 85
                                },
                                "label": {
                                    "font": "small",
                                    "justification": "center",
                                    "x": 111,
                                    "y": 26
                                },
                                "labelDisabled": false,
                                "location": {
                                    "height": 110,
                                    "width": 222,
                                    "x": 577,
                                    "y": 145
                                },
                                "obscurity": []
                            },
                            {
                                "data": {
                                    "font": "numberMedium",
                                    "justification": "center",
                                    "width": 210,
                                    "x": 110,
                                    "y": 85
                                },
                                "label": {
                                    "font": "small",
                                    "justification": "center",
                                    "x": 111,
                                    "y": 26
                                },
                                "labelDisabled": false,
                                "location": {
                                    "height": 110,
                                    "width": 222,
                                    "x": 577,
                                    "y": 257
                                },
                                "obscurity": []
                            },
                            {
                                "data": {
                                    "font": "numberMedium",
                                    "justification": "center",
                                    "width": 210,
                                    "x": 110,
                                    "y": 85
                                },
                                "label": {
                                    "font": "small",
                                    "justification": "center",
                                    "x": 111,
                                    "y": 26
                                },
                                "labelDisabled": false,
                                "location": {
                                    "height": 110,
                                    "width": 222,
                                    "x": 577,
                                    "y": 369
                                },
                                "obscurity": []
                            }
                        ],
                        "name": "10 Fields"
                    },
                    {
                        "drawBorders": true,
                        "fields": [
                            {
                                "data": {
                                    "font": "numberMedium",
                                    "justification": "center",
                                    "width": 238,
                                    "x": 122,
                                    "y": 85
                                },
                                "label": {
                                    "font": "small",
                                    "justification": "center",
                                    "x": 122,
                                    "y": 26
                                },
                                "labelDisabled": false,
                                "location": {
                                    "height": 110,
                                    "width": 245,
                                    "x": 76,
                                    "y": 33
                                },
                                "obscurity": []
                            },
                            {
                                "data": {
                                    "font": "numberMedium",
                                    "justification": "center",
                                    "width": 238,
                                    "x": 122,
                                    "y": 85
                                },
                                "label": {
                                    "font": "small",
                                    "justification": "center",
                                    "x": 122,
                                    "y": 26
                                },
                                "labelDisabled": false,
                                "location": {
                                    "height": 110,
                                    "width": 245,
                                    "x": 76,
                                    "y": 145
                                },
                                "obscurity": []
                            },
                            {
                                "data": {
                                    "font": "numberMedium",
                                    "justification": "center",
                                    "width": 238,
                                    "x": 122,
                                    "y": 85
                                },
                                "label": {
                                    "font": "small",
                                    "justification": "center",
                                    "x": 122,
                                    "y": 26
                                },
                                "labelDisabled": false,
                                "location": {
                                    "height": 110,
                                    "width": 245,
                                    "x": 76,
                                    "y": 257
                                },
                                "obscurity": []
                            },
                            {
                                "data": {
                                    "font": "numberMedium",
                                    "justification": "center",
                                    "width": 238,
                                    "x": 122,
                                    "y": 85
                                },
                                "label": {
                                    "font": "small",
                                    "justification": "center",
                                    "x": 122,
                                    "y": 26
                                },
                                "labelDisabled": false,
                                "location": {
                                    "height": 110,
                                    "width": 245,
                                    "x": 76,
                                    "y": 369
                                },
                                "obscurity": []
                            },
                            {
                                "data": {
                                    "font": "numberMedium",
                                    "justification": "center",
                                    "width": 238,
                                    "x": 122,
                                    "y": 85
                                },
                                "label": {
                                    "font": "small",
                                    "justification": "center",
                                    "x": 122,
                                    "y": 26
                                },
                                "labelDisabled": false,
                                "location": {
                                    "height": 110,
                                    "width": 245,
                                    "x": 323,
                                    "y": 33
                                },
                                "obscurity": []
                            },
                            {
                                "data": {
                                    "font": "numberMedium",
                                    "justification": "center",
                                    "width": 238,
                                    "x": 122,
                                    "y": 85
                                },
                                "label": {
                                    "font": "small",
                                    "justification": "center",
                                    "x": 122,
                                    "y": 26
                                },
                                "labelDisabled": false,
                                "location": {
                                    "height": 110,
                                    "width": 245,
                                    "x": 323,
                                    "y": 145
                                },
                                "obscurity": []
                            },
                            {
                                "data": {
                                    "font": "numberMedium",
                                    "justification": "center",
                                    "width": 238,
                                    "x": 122,
                                    "y": 85
                                },
                                "label": {
                                    "font": "small",
                                    "justification": "center",
                                    "x": 122,
                                    "y": 26
                                },
                                "labelDisabled": false,
                                "location": {
                                    "height": 110,
                                    "width": 245,
                                    "x": 323,
                                    "y": 257
                                },
                                "obscurity": []
                            },
                            {
                                "data": {
                                    "font": "numberMedium",
                                    "justification": "center",
                                    "width": 238,
                                    "x": 122,
                                    "y": 85
                                },
                                "label": {
                                    "font": "small",
                                    "justification": "center",
                                    "x": 122,
                                    "y": 26
                                },
                                "labelDisabled": false,
                                "location": {
                                    "height": 110,
                                    "width": 245,
                                    "x": 323,
                                    "y": 369
                                },
                                "obscurity": []
                            },
                            {
                                "data": {
                                    "font": "numberMedium",
                                    "justification": "center",
                                    "width": 210,
                                    "x": 110,
                                    "y": 85
                                },
                                "label": {
                                    "font": "small",
                                    "justification": "center",
                                    "x": 111,
                                    "y": 26
                                },
                                "labelDisabled": false,
                                "location": {
                                    "height": 110,
                                    "width": 222,
                                    "x": 577,
                                    "y": 33
                                },
                                "obscurity": []
                            },
                            {
                                "data": {
                                    "font": "numberMedium",
                                    "justification": "center",
                                    "width": 210,
                                    "x": 110,
                                    "y": 85
                                },
                                "label": {
                                    "font": "small",
                                    "justification": "center",
                                    "x": 111,
                                    "y": 26
                                },
                                "labelDisabled": false,
                                "location": {
                                    "height": 110,
                                    "width": 222,
                                    "x": 577,
                                    "y": 145
                                },
                                "obscurity": []
                            },
                            {
                                "data": {
                                    "font": "numberMedium",
                                    "justification": "center",
                                    "width": 210,
                                    "x": 110,
                                    "y": 85
                                },
                                "label": {
                                    "font": "small",
                                    "justification": "center",
                                    "x": 111,
                                    "y": 26
                                },
                                "labelDisabled": false,
                                "location": {
                                    "height": 110,
                                    "width": 222,
                                    "x": 577,
                                    "y": 257
                                },
                                "obscurity": []
                            },
                            {
                                "data": {
                                    "font": "numberMedium",
                                    "justification": "center",
                                    "width": 210,
                                    "x": 110,
                                    "y": 85
                                },
                                "label": {
                                    "font": "small",
                                    "justification": "center",
                                    "x": 111,
                                    "y": 26
                                },
                                "labelDisabled": false,
                                "location": {
                                    "height": 110,
                                    "width": 222,
                                    "x": 577,
                                    "y": 369
                                },
                                "obscurity": []
                            }
                        ],
                        "name": "12 Fields"
                    }
                ],
                "isTouchable": true
            },
            "orientation": "landscape",
            "picker": {
                "entries": [
                    {
                        "height": 125,
                        "width": 261,
                        "x": 5,
                        "y": 213
                    },
                    {
                        "height": 125,
                        "width": 268,
                        "x": 266,
                        "y": 213
                    },
                    {
                        "height": 125,
                        "width": 261,
                        "x": 534,
                        "y": 213
                    }
                ],
                "nextArrow": {
                    "display_size": {
                        "height": 45,
                        "width": 46
                    },
                    "height": 125,
                    "width": 790,
                    "x": 5,
                    "y": 88
                },
                "previousArrow": {
                    "display_size": {
                        "height": 45,
                        "width": 46
                    },
                    "height": 125,
                    "width": 790,
                    "x": 5,
                    "y": 338
                },
                "showConfirm": true,
                "title": {
                    "height": 73,
                    "width": 800,
                    "x": 0,
                    "y": 0
                }
            }
        }
    ],
    "watchdogCount": 250000
}