{
    "appStorageCapacity": 10485760,
    "display": {
        "behaviors": [
            {
                "gesture": "swipeRight",
                "id": "onBack"
            },
            {
                "gesture": "swipeLeft"
            },
            {
                "gesture": "swipeUp",
                "id": "nextPage"
            },
            {
                "gesture": "swipeDown",
                "id": "previousPage"
            },
            {
                "gesture": "hold"
            },
            {
                "gesture": "release"
            },
            {
                "gesture": "tap",
                "id": "onSelect"
            }
        ],
        "isTouch": true,
        "landscapeOrientation": 0,
        "location": {
            "height": 218,
            "width": 218,
            "x": 52,
            "y": 132
        },
        "shape": "round"
    },
    "fonts": [
        {
            "fontSet": "ww",
            "fonts": [
                {
                    "filename": "FNT_VIVOACTIVE4S_ROBOTO_XTINY_BOLD",
                    "name": "xtiny"
                },
                {
                    "filename": "FNT_VIVOACTIVE4S_ROBOTO_TINY_PLUS_BOLD",
                    "name": "tiny"
                },
                {
                    "filename": "FNT_VIVOACTIVE4S_ROBOTO_SMALL_BOLD",
                    "name": "small"
                },
                {
                    "filename": "FNT_VIVOACTIVE4S_ROBOTO_MEDIUM_BOLD",
                    "name": "medium"
                },
                {
                    "filename": "FNT_VIVOACTIVE4S_ROBOTO_MEDIUM_PLUS_BOLD",
                    "name": "large"
                },
                {
                    "filename": "FNT_VIVOACTIVE4S_REGULAR_NUMBER_FONT_1",
                    "name": "numberMild"
                },
                {
                    "filename": "FNT_VIVOACTIVE4S_REGULAR_NUMBER_FONT_2",
                    "name": "numberMedium"
                },
                {
                    "filename": "FNT_VIVOACTIVE4S_BOLD_NUMBER_FONT_5",
                    "name": "numberHot"
                },
                {
                    "filename": "FNT_VIVOACTIVE4S_BOLD_NUMBER_FONT_6",
                    "name": "numberThaiHot"
                },
                {
                    "filename": "FNT_VIVOACTIVE4S_ROBOTO_XTINY_BOLD",
                    "name": "systemXtiny"
                },
                {
                    "filename": "FNT_VIVOACTIVE4S_ROBOTO_TINY_PLUS_BOLD",
                    "name": "systemTiny"
                },
                {
                    "filename": "FNT_VIVOACTIVE4S_ROBOTO_SMALL_BOLD",
                    "name": "systemSmall"
                },
                {
                    "filename": "FNT_VIVOACTIVE4S_ROBOTO_MEDIUM_BOLD",
                    "name": "systemMedium"
                },
                {
                    "filename": "FNT_VIVOACTIVE4S_ROBOTO_MEDIUM_PLUS_BOLD",
                    "name": "systemLarge"
                },
                {
                    "filename": "FNT_VIVOACTIVE4S_REGULAR_NUMBER_FONT_1",
                    "name": "systemNumberMild"
                },
                {
                    "filename": "FNT_VIVOACTIVE4S_REGULAR_NUMBER_FONT_2",
                    "name": "systemNumberMedium"
                },
                {
                    "filename": "FNT_VIVOACTIVE4S_BOLD_NUMBER_FONT_5",
                    "name": "systemNumberHot"
                },
                {
                    "filename": "FNT_VIVOACTIVE4S_BOLD_NUMBER_FONT_6",
                    "name": "systemNumberThaiHot"
                },
                {
                    "filename": "FNT_VIVOACTIVE4S_REGULAR_NUMBER_FONT_2",
                    "name": "simExtNumber1"
                },
                {
                    "filename": "FNT_VIVOACTIVE4S_ROBOTO_TINY_BOLD",
                    "name": "simExtNumber2"
                }
            ]
        },
        {
            "fontSet": "apac_chn",
            "fonts": [
                {
                    "filename": "FNT_NOTO_SANS_CJK_TC_BOLD_CHN_17",
                    "name": "xtiny"
                },
                {
                    "filename": "FNT_NOTO_SANS_CJK_TC_BOLD_CHN_23",
                    "name": "tiny"
                },
                {
                    "filename": "FNT_NOTO_SANS_CJK_TC_BOLD_CHN_26",
                    "name": "small"
                },
                {
                    "filename": "FNT_NOTO_SANS_CJK_TC_BOLD_CHN_30",
                    "name": "medium"
                },
                {
                    "filename": "FNT_NOTO_SANS_CJK_TC_BOLD_CHN_34",
                    "name": "large"
                },
                {
                    "filename": "FNT_VIVOACTIVE4S_REGULAR_NUMBER_FONT_1",
                    "name": "numberMild"
                },
                {
                    "filename": "FNT_VIVOACTIVE4S_REGULAR_NUMBER_FONT_2",
                    "name": "numberMedium"
                },
                {
                    "filename": "FNT_VIVOACTIVE4S_BOLD_NUMBER_FONT_5",
                    "name": "numberHot"
                },
                {
                    "filename": "FNT_VIVOACTIVE4S_BOLD_NUMBER_FONT_6",
                    "name": "numberThaiHot"
                },
                {
                    "filename": "FNT_NOTO_SANS_CJK_TC_BOLD_CHN_17",
                    "name": "systemXtiny"
                },
                {
                    "filename": "FNT_NOTO_SANS_CJK_TC_BOLD_CHN_23",
                    "name": "systemTiny"
                },
                {
                    "filename": "FNT_NOTO_SANS_CJK_TC_BOLD_CHN_26",
                    "name": "systemSmall"
                },
                {
                    "filename": "FNT_NOTO_SANS_CJK_TC_BOLD_CHN_30",
                    "name": "systemMedium"
                },
                {
                    "filename": "FNT_NOTO_SANS_CJK_TC_BOLD_CHN_34",
                    "name": "systemLarge"
                },
                {
                    "filename": "FNT_VIVOACTIVE4S_REGULAR_NUMBER_FONT_1",
                    "name": "systemNumberMild"
                },
                {
                    "filename": "FNT_VIVOACTIVE4S_REGULAR_NUMBER_FONT_2",
                    "name": "systemNumberMedium"
                },
                {
                    "filename": "FNT_VIVOACTIVE4S_BOLD_NUMBER_FONT_5",
                    "name": "systemNumberHot"
                },
                {
                    "filename": "FNT_VIVOACTIVE4S_BOLD_NUMBER_FONT_6",
                    "name": "systemNumberThaiHot"
                },
                {
                    "filename": "FNT_VIVOACTIVE4S_REGULAR_NUMBER_FONT_2",
                    "name": "simExtNumber1"
                },
                {
                    "filename": "FNT_VIVOACTIVE4S_ROBOTO_TINY_BOLD",
                    "name": "simExtNumber2"
                }
            ]
        },
        {
            "fontSet": "apac_twn",
            "fonts": [
                {
                    "filename": "FNT_NOTO_SANS_CJK_TC_BOLD_TWN_17",
                    "name": "xtiny"
                },
                {
                    "filename": "FNT_NOTO_SANS_CJK_TC_BOLD_TWN_23",
                    "name": "tiny"
                },
                {
                    "filename": "FNT_NOTO_SANS_CJK_TC_BOLD_TWN_26",
                    "name": "small"
                },
                {
                    "filename": "FNT_NOTO_SANS_CJK_TC_BOLD_TWN_30",
                    "name": "medium"
                },
                {
                    "filename": "FNT_NOTO_SANS_CJK_TC_BOLD_TWN_34",
                    "name": "large"
                },
                {
                    "filename": "FNT_VIVOACTIVE4S_REGULAR_NUMBER_FONT_1",
                    "name": "numberMild"
                },
                {
                    "filename": "FNT_VIVOACTIVE4S_REGULAR_NUMBER_FONT_2",
                    "name": "numberMedium"
                },
                {
                    "filename": "FNT_VIVOACTIVE4S_BOLD_NUMBER_FONT_5",
                    "name": "numberHot"
                },
                {
                    "filename": "FNT_VIVOACTIVE4S_BOLD_NUMBER_FONT_6",
                    "name": "numberThaiHot"
                },
                {
                    "filename": "FNT_NOTO_SANS_CJK_TC_BOLD_TWN_17",
                    "name": "systemXtiny"
                },
                {
                    "filename": "FNT_NOTO_SANS_CJK_TC_BOLD_TWN_23",
                    "name": "systemTiny"
                },
                {
                    "filename": "FNT_NOTO_SANS_CJK_TC_BOLD_TWN_26",
                    "name": "systemSmall"
                },
                {
                    "filename": "FNT_NOTO_SANS_CJK_TC_BOLD_TWN_30",
                    "name": "systemMedium"
                },
                {
                    "filename": "FNT_NOTO_SANS_CJK_TC_BOLD_TWN_34",
                    "name": "systemLarge"
                },
                {
                    "filename": "FNT_VIVOACTIVE4S_REGULAR_NUMBER_FONT_1",
                    "name": "systemNumberMild"
                },
                {
                    "filename": "FNT_VIVOACTIVE4S_REGULAR_NUMBER_FONT_2",
                    "name": "systemNumberMedium"
                },
                {
                    "filename": "FNT_VIVOACTIVE4S_BOLD_NUMBER_FONT_5",
                    "name": "systemNumberHot"
                },
                {
                    "filename": "FNT_VIVOACTIVE4S_BOLD_NUMBER_FONT_6",
                    "name": "systemNumberThaiHot"
                },
                {
                    "filename": "FNT_VIVOACTIVE4S_REGULAR_NUMBER_FONT_2",
                    "name": "simExtNumber1"
                },
                {
                    "filename": "FNT_VIVOACTIVE4S_ROBOTO_TINY_BOLD",
                    "name": "simExtNumber2"
                }
            ]
        },
        {
            "fontSet": "apac_jpn",
            "fonts": [
                {
                    "filename": "FNT_NOTO_SANS_CJK_JP_BOLD_17",
                    "name": "xtiny"
                },
                {
                    "filename": "FNT_NOTO_SANS_CJK_JP_BOLD_23",
                    "name": "tiny"
                },
                {
                    "filename": "FNT_NOTO_SANS_CJK_JP_BOLD_26",
                    "name": "small"
                },
                {
                    "filename": "FNT_NOTO_SANS_CJK_JP_BOLD_30",
                    "name": "medium"
                },
                {
                    "filename": "FNT_NOTO_SANS_CJK_JP_BOLD_34",
                    "name": "large"
                },
                {
                    "filename": "FNT_VIVOACTIVE4S_REGULAR_NUMBER_FONT_1",
                    "name": "numberMild"
                },
                {
                    "filename": "FNT_VIVOACTIVE4S_REGULAR_NUMBER_FONT_2",
                    "name": "numberMedium"
                },
                {
                    "filename": "FNT_VIVOACTIVE4S_BOLD_NUMBER_FONT_5",
                    "name": "numberHot"
                },
                {
                    "filename": "FNT_VIVOACTIVE4S_BOLD_NUMBER_FONT_6",
                    "name": "numberThaiHot"
                },
                {
                    "filename": "FNT_NOTO_SANS_CJK_JP_BOLD_17",
                    "name": "systemXtiny"
                },
                {
                    "filename": "FNT_NOTO_SANS_CJK_JP_BOLD_23",
                    "name": "systemTiny"
                },
                {
                    "filename": "FNT_NOTO_SANS_CJK_JP_BOLD_26",
                    "name": "systemSmall"
                },
                {
                    "filename": "FNT_NOTO_SANS_CJK_JP_BOLD_30",
                    "name": "systemMedium"
                },
                {
                    "filename": "FNT_NOTO_SANS_CJK_JP_BOLD_34",
                    "name": "systemLarge"
                },
                {
                    "filename": "FNT_VIVOACTIVE4S_REGULAR_NUMBER_FONT_1",
                    "name": "systemNumberMild"
                },
                {
                    "filename": "FNT_VIVOACTIVE4S_REGULAR_NUMBER_FONT_2",
                    "name": "systemNumberMedium"
                },
                {
                    "filename": "FNT_VIVOACTIVE4S_BOLD_NUMBER_FONT_5",
                    "name": "systemNumberHot"
                },
                {
                    "filename": "FNT_VIVOACTIVE4S_BOLD_NUMBER_FONT_6",
                    "name": "systemNumberThaiHot"
                },
                {
                    "filename": "FNT_VIVOACTIVE4S_REGULAR_NUMBER_FONT_2",
                    "name": "simExtNumber1"
                },
                {
                    "filename": "FNT_VIVOACTIVE4S_ROBOTO_TINY_BOLD",
                    "name": "simExtNumber2"
                }
            ]
        },
        {
            "fontSet": "apac_kor",
            "fonts": [
                {
                    "filename": "FNT_NOTO_SANS_CJK_KR_REGULAR_17",
                    "name": "xtiny"
                },
                {
                    "filename": "FNT_NOTO_SANS_CJK_KR_REGULAR_23",
                    "name": "tiny"
                },
                {
                    "filename": "FNT_NOTO_SANS_CJK_KR_REGULAR_26",
                    "name": "small"
                },
                {
                    "filename": "FNT_NOTO_SANS_CJK_KR_REGULAR_30",
                    "name": "medium"
                },
                {
                    "filename": "FNT_NOTO_SANS_CJK_KR_REGULAR_34",
                    "name": "large"
                },
                {
                    "filename": "FNT_VIVOACTIVE4S_REGULAR_NUMBER_FONT_1",
                    "name": "numberMild"
                },
                {
                    "filename": "FNT_VIVOACTIVE4S_REGULAR_NUMBER_FONT_2",
                    "name": "numberMedium"
                },
                {
                    "filename": "FNT_VIVOACTIVE4S_BOLD_NUMBER_FONT_5",
                    "name": "numberHot"
                },
                {
                    "filename": "FNT_VIVOACTIVE4S_BOLD_NUMBER_FONT_6",
                    "name": "numberThaiHot"
                },
                {
                    "filename": "FNT_NOTO_SANS_CJK_KR_REGULAR_17",
                    "name": "systemXtiny"
                },
                {
                    "filename": "FNT_NOTO_SANS_CJK_KR_REGULAR_23",
                    "name": "systemTiny"
                },
                {
                    "filename": "FNT_NOTO_SANS_CJK_KR_REGULAR_26",
                    "name": "systemSmall"
                },
                {
                    "filename": "FNT_NOTO_SANS_CJK_KR_REGULAR_30",
                    "name": "systemMedium"
                },
                {
                    "filename": "FNT_NOTO_SANS_CJK_KR_REGULAR_34",
                    "name": "systemLarge"
                },
                {
                    "filename": "FNT_VIVOACTIVE4S_REGULAR_NUMBER_FONT_1",
                    "name": "systemNumberMild"
                },
                {
                    "filename": "FNT_VIVOACTIVE4S_REGULAR_NUMBER_FONT_2",
                    "name": "systemNumberMedium"
                },
                {
                    "filename": "FNT_VIVOACTIVE4S_BOLD_NUMBER_FONT_5",
                    "name": "systemNumberHot"
                },
                {
                    "filename": "FNT_VIVOACTIVE4S_BOLD_NUMBER_FONT_6",
                    "name": "systemNumberThaiHot"
                },
                {
                    "filename": "FNT_VIVOACTIVE4S_REGULAR_NUMBER_FONT_2",
                    "name": "simExtNumber1"
                },
                {
                    "filename": "FNT_VIVOACTIVE4S_ROBOTO_TINY_BOLD",
                    "name": "simExtNumber2"
                }
            ]
        },
        {
            "fontSet": "apac_tha",
            "fonts": [
                {
                    "filename": "bitstreamVeraSans 16",
                    "name": "xtiny"
                },
                {
                    "filename": "bitstreamVeraSans 16",
                    "name": "tiny"
                },
                {
                    "filename": "bitstreamVeraSans 16",
                    "name": "small"
                },
                {
                    "filename": "bitstreamVeraSans 21",
                    "name": "medium"
                },
                {
                    "filename": "bitstreamVeraSans 27",
                    "name": "large"
                },
                {
                    "filename": "FNT_VIVOACTIVE4S_REGULAR_NUMBER_FONT_1",
                    "name": "numberMild"
                },
                {
                    "filename": "FNT_VIVOACTIVE4S_REGULAR_NUMBER_FONT_2",
                    "name": "numberMedium"
                },
                {
                    "filename": "FNT_VIVOACTIVE4S_BOLD_NUMBER_FONT_5",
                    "name": "numberHot"
                },
                {
                    "filename": "FNT_VIVOACTIVE4S_BOLD_NUMBER_FONT_6",
                    "name": "numberThaiHot"
                },
                {
                    "filename": "bitstreamVeraSans 16",
                    "name": "systemXtiny"
                },
                {
                    "filename": "bitstreamVeraSans 16",
                    "name": "systemTiny"
                },
                {
                    "filename": "bitstreamVeraSans 16",
                    "name": "systemSmall"
                },
                {
                    "filename": "bitstreamVeraSans 21",
                    "name": "systemMedium"
                },
                {
                    "filename": "bitstreamVeraSans 27",
                    "name": "systemLarge"
                },
                {
                    "filename": "FNT_VIVOACTIVE4S_REGULAR_NUMBER_FONT_1",
                    "name": "systemNumberMild"
                },
                {
                    "filename": "FNT_VIVOACTIVE4S_REGULAR_NUMBER_FONT_2",
                    "name": "systemNumberMedium"
                },
                {
                    "filename": "FNT_VIVOACTIVE4S_BOLD_NUMBER_FONT_5",
                    "name": "systemNumberHot"
                },
                {
                    "filename": "FNT_VIVOACTIVE4S_BOLD_NUMBER_FONT_6",
                    "name": "systemNumberThaiHot"
                },
                {
                    "filename": "FNT_VIVOACTIVE4S_REGULAR_NUMBER_FONT_2",
                    "name": "simExtNumber1"
                },
                {
                    "filename": "FNT_VIVOACTIVE4S_ROBOTO_TINY_BOLD",
                    "name": "simExtNumber2"
                }
            ]
        },
        {
            "fontSet": "apac_vie",
            "fonts": [
                {
                    "filename": "FNT_NOTO_SANS_BOLD_VIET_17",
                    "name": "xtiny"
                },
                {
                    "filename": "FNT_NOTO_SANS_BOLD_VIET_23",
                    "name": "tiny"
                },
                {
                    "filename": "FNT_NOTO_SANS_BOLD_VIET_26",
                    "name": "small"
                },
                {
                    "filename": "FNT_NOTO_SANS_BOLD_VIET_30",
                    "name": "medium"
                },
                {
                    "filename": "FNT_NOTO_SANS_BOLD_VIET_34",
                    "name": "large"
                },
                {
                    "filename": "FNT_VIVOACTIVE4S_REGULAR_NUMBER_FONT_1",
                    "name": "numberMild"
                },
                {
                    "filename": "FNT_VIVOACTIVE4S_REGULAR_NUMBER_FONT_2",
                    "name": "numberMedium"
                },
                {
                    "filename": "FNT_VIVOACTIVE4S_BOLD_NUMBER_FONT_5",
                    "name": "numberHot"
                },
                {
                    "filename": "FNT_VIVOACTIVE4S_BOLD_NUMBER_FONT_6",
                    "name": "numberThaiHot"
                },
                {
                    "filename": "FNT_NOTO_SANS_BOLD_VIET_17",
                    "name": "systemXtiny"
                },
                {
                    "filename": "FNT_NOTO_SANS_BOLD_VIET_23",
                    "name": "systemTiny"
                },
                {
                    "filename": "FNT_NOTO_SANS_BOLD_VIET_26",
                    "name": "systemSmall"
                },
                {
                    "filename": "FNT_NOTO_SANS_BOLD_VIET_30",
                    "name": "systemMedium"
                },
                {
                    "filename": "FNT_NOTO_SANS_BOLD_VIET_34",
                    "name": "systemLarge"
                },
                {
                    "filename": "FNT_VIVOACTIVE4S_REGULAR_NUMBER_FONT_1",
                    "name": "systemNumberMild"
                },
                {
                    "filename": "FNT_VIVOACTIVE4S_REGULAR_NUMBER_FONT_2",
                    "name": "systemNumberMedium"
                },
                {
                    "filename": "FNT_VIVOACTIVE4S_BOLD_NUMBER_FONT_5",
                    "name": "systemNumberHot"
                },
                {
                    "filename": "FNT_VIVOACTIVE4S_BOLD_NUMBER_FONT_6",
                    "name": "systemNumberThaiHot"
                },
                {
                    "filename": "FNT_VIVOACTIVE4S_REGULAR_NUMBER_FONT_2",
                    "name": "simExtNumber1"
                },
                {
                    "filename": "FNT_VIVOACTIVE4S_ROBOTO_TINY_BOLD",
                    "name": "simExtNumber2"
                }
            ]
        }
    ],
    "image": "legacyherocaptainmarvel.png",
    "keys": [
        {
            "id": "enter",
            "location": {
                "height": 50,
                "width": 31,
                "x": 274,
                "y": 144
            }
        },
        {
            "behavior": "onMenu",
            "id": "menu",
            "isHold": true,
            "location": {
                "height": 50,
                "width": 31,
                "x": 274,
                "y": 297
            }
        },
        {
            "behavior": "onBack",
            "id": "esc",
            "location": {
                "height": 50,
                "width": 31,
                "x": 274,
                "y": 297
            }
        }
    ],
    "layouts": [
        {
            "datafields": {
                "datafields": [
                    {
                        "drawBorders": true,
                        "fields": [
                            {
                                "data": {
                                    "font": "numberThaiHot",
                                    "justification": "center",
                                    "width": 218,
                                    "x": 109,
                                    "y": 142
                                },
                                "label": {
                                    "font": "simExtNumber2",
                                    "justification": "center",
                                    "x": 109,
                                    "y": 70
                                },
                                "labelDisabled": false,
                                "location": {
                                    "height": 218,
                                    "width": 218,
                                    "x": 0,
                                    "y": 0
                                },
                                "obscurity": [
                                    "left",
                                    "top",
                                    "right",
                                    "bottom"
                                ]
                            }
                        ],
                        "name": "1 Field"
                    },
                    {
                        "drawBorders": true,
                        "fields": [
                            {
                                "data": {
                                    "font": "numberHot",
                                    "justification": "center",
                                    "width": 218,
                                    "x": 109,
                                    "y": 69
                                },
                                "label": {
                                    "font": "simExtNumber2",
                                    "justification": "center",
                                    "x": 109,
                                    "y": 23
                                },
                                "labelDisabled": false,
                                "location": {
                                    "height": 108,
                                    "width": 218,
                                    "x": 0,
                                    "y": 0
                                },
                                "obscurity": [
                                    "left",
                                    "top",
                                    "right"
                                ]
                            },
                            {
                                "data": {
                                    "font": "numberHot",
                                    "justification": "center",
                                    "width": 218,
                                    "x": 109,
                                    "y": 69
                                },
                                "label": {
                                    "font": "simExtNumber2",
                                    "justification": "center",
                                    "x": 109,
                                    "y": 23
                                },
                                "labelDisabled": false,
                                "location": {
                                    "height": 108,
                                    "width": 218,
                                    "x": 0,
                                    "y": 110
                                },
                                "obscurity": [
                                    "left",
                                    "right",
                                    "bottom"
                                ]
                            }
                        ],
                        "name": "2 Fields"
                    },
                    {
                        "drawBorders": true,
                        "fields": [
                            {
                                "data": {
                                    "font": "numberMedium",
                                    "justification": "center",
                                    "width": 218,
                                    "x": 109,
                                    "y": 56
                                },
                                "label": {
                                    "font": "simExtNumber2",
                                    "justification": "center",
                                    "x": 109,
                                    "y": 16
                                },
                                "labelDisabled": false,
                                "location": {
                                    "height": 71,
                                    "width": 218,
                                    "x": 0,
                                    "y": 0
                                },
                                "obscurity": [
                                    "left",
                                    "top",
                                    "right"
                                ]
                            },
                            {
                                "data": {
                                    "font": "numberThaiHot",
                                    "justification": "center",
                                    "width": 218,
                                    "x": 109,
                                    "y": 70
                                },
                                "label": {
                                    "font": "simExtNumber2",
                                    "justification": "center",
                                    "x": 109,
                                    "y": 16
                                },
                                "labelDisabled": false,
                                "location": {
                                    "height": 71,
                                    "width": 218,
                                    "x": 0,
                                    "y": 73
                                },
                                "obscurity": [
                                    "left",
                                    "right"
                                ]
                            },
                            {
                                "data": {
                                    "font": "numberMedium",
                                    "justification": "center",
                                    "width": 218,
                                    "x": 109,
                                    "y": 54
                                },
                                "label": {
                                    "font": "simExtNumber2",
                                    "justification": "center",
                                    "x": 109,
                                    "y": 15
                                },
                                "labelDisabled": false,
                                "location": {
                                    "height": 72,
                                    "width": 218,
                                    "x": 0,
                                    "y": 146
                                },
                                "obscurity": [
                                    "left",
                                    "right",
                                    "bottom"
                                ]
                            }
                        ],
                        "name": "3 Fields"
                    },
                    {
                        "drawBorders": true,
                        "fields": [
                            {
                                "data": {
                                    "font": "numberMedium",
                                    "justification": "center",
                                    "width": 218,
                                    "x": 109,
                                    "y": 56
                                },
                                "label": {
                                    "font": "simExtNumber2",
                                    "justification": "center",
                                    "x": 109,
                                    "y": 16
                                },
                                "labelDisabled": false,
                                "location": {
                                    "height": 71,
                                    "width": 218,
                                    "x": 0,
                                    "y": 0
                                },
                                "obscurity": [
                                    "left",
                                    "top",
                                    "right"
                                ]
                            },
                            {
                                "data": {
                                    "font": "simExtNumber1",
                                    "justification": "center",
                                    "width": 109,
                                    "x": 54,
                                    "y": 58
                                },
                                "label": {
                                    "font": "simExtNumber2",
                                    "justification": "center",
                                    "x": 56,
                                    "y": 16
                                },
                                "labelDisabled": false,
                                "location": {
                                    "height": 71,
                                    "width": 108,
                                    "x": 0,
                                    "y": 73
                                },
                                "obscurity": [
                                    "left"
                                ]
                            },
                            {
                                "data": {
                                    "font": "simExtNumber1",
                                    "justification": "center",
                                    "width": 109,
                                    "x": 54,
                                    "y": 58
                                },
                                "label": {
                                    "font": "simExtNumber2",
                                    "justification": "center",
                                    "x": 56,
                                    "y": 16
                                },
                                "labelDisabled": false,
                                "location": {
                                    "height": 71,
                                    "width": 108,
                                    "x": 110,
                                    "y": 73
                                },
                                "obscurity": [
                                    "right"
                                ]
                            },
                            {
                                "data": {
                                    "font": "numberMedium",
                                    "justification": "center",
                                    "width": 218,
                                    "x": 109,
                                    "y": 54
                                },
                                "label": {
                                    "font": "simExtNumber2",
                                    "justification": "center",
                                    "x": 109,
                                    "y": 16
                                },
                                "labelDisabled": false,
                                "location": {
                                    "height": 72,
                                    "width": 218,
                                    "x": 0,
                                    "y": 146
                                },
                                "obscurity": [
                                    "left",
                                    "right",
                                    "bottom"
                                ]
                            }
                        ],
                        "name": "4 Fields"
                    }
                ]
            },
            "menu2": {
                "customTitle": {
                    "height": 35,
                    "width": 91,
                    "x": 63,
                    "y": 10
                },
                "doneButtons": {
                    "bottom": true
                },
                "items": {
                    "checks": [
                        {
                            "alignment": "left",
                            "disabledIconFile": "menu2_check_off_vva4.png",
                            "enabledIconFile": "menu2_check_on_vva4.png",
                            "x": 14,
                            "y": 12
                        },
                        {
                            "alignment": "right",
                            "disabledIconFile": "menu2_check_off_vva4.png",
                            "enabledIconFile": "menu2_check_on_vva4.png",
                            "x": 164,
                            "y": 12
                        }
                    ],
                    "divider": 2,
                    "icons": {
                        "check": "left",
                        "icon": "left",
                        "leftLocation": {
                            "height": 63,
                            "width": 36,
                            "x": 7,
                            "y": 0
                        },
                        "rightLocation": {
                            "height": 63,
                            "width": 36,
                            "x": 175,
                            "y": 0
                        },
                        "toggle": "right"
                    },
                    "item": {
                        "height": 65,
                        "labelFont": "tiny",
                        "subLabelFont": "xtiny",
                        "width": 218
                    },
                    "labelXOffsets": {
                        "checkLeft": 25,
                        "checkRight": -10,
                        "iconLeft": 30,
                        "iconRight": -20
                    },
                    "region": {
                        "height": 65,
                        "width": 218,
                        "x": 0,
                        "y": 0
                    },
                    "stringWidths": {
                        "basic": 204,
                        "check": 150,
                        "icon": 161,
                        "toggle": 144
                    },
                    "toggles": [
                        {
                            "alignment": "left",
                            "disabledIconFile": "menu2_toggle_off_vva3.png",
                            "enabledIconFile": "menu2_toggle_on_vva3.png",
                            "x": 14,
                            "y": 0
                        },
                        {
                            "alignment": "right",
                            "disabledIconFile": "menu2_toggle_off_vva3.png",
                            "enabledIconFile": "menu2_toggle_on_vva3.png",
                            "x": 188,
                            "y": 0
                        }
                    ]
                },
                "mode": "scroll",
                "title": {
                    "height": 45,
                    "width": 218,
                    "x": 0,
                    "y": 0
                },
                "titleString": {
                    "font": "tiny",
                    "width": 123,
                    "x": 108,
                    "y": 35
                }
            },
            "orientation": "portrait",
            "picker": {
                "entries": [
                    {
                        "height": 27,
                        "width": 36,
                        "x": 6,
                        "y": 118
                    },
                    {
                        "height": 31,
                        "width": 120,
                        "x": 46,
                        "y": 116
                    },
                    {
                        "height": 27,
                        "width": 36,
                        "x": 176,
                        "y": 118
                    }
                ],
                "nextArrow": {
                    "height": 25,
                    "width": 25,
                    "x": 96,
                    "y": 64
                },
                "previousArrow": {
                    "height": 25,
                    "width": 25,
                    "x": 96,
                    "y": 174
                },
                "showConfirm": true,
                "title": {
                    "height": 21,
                    "width": 153,
                    "x": 34,
                    "y": 31
                }
            }
        }
    ],
    "sensorHistory": [
        {
            "interval": 120,
            "size": 180,
            "type": "heartrate"
        },
        {
            "interval": 120,
            "size": 180,
            "type": "elevation"
        },
        {
            "interval": 120,
            "size": 180,
            "type": "temperature"
        },
        {
            "interval": 120,
            "size": 180,
            "type": "pressure"
        },
        {
            "interval": 3600,
            "size": 168,
            "type": "pulseox"
        }
    ],
    "watchdogCount": 240000,
    "wifiExclusions": [
        "normal"
    ]
}