{
    "appStorageCapacity": 131072,
    "display": {
        "behaviors": [
            {
                "gesture": "swipeRight",
                "id": "onBack"
            },
            {
                "gesture": "swipeLeft"
            },
            {
                "gesture": "swipeUp",
                "id": "nextPage"
            },
            {
                "gesture": "swipeDown",
                "id": "previousPage"
            },
            {
                "gesture": "hold"
            },
            {
                "gesture": "release"
            },
            {
                "gesture": "tap",
                "id": "onSelect"
            }
        ],
        "isTouch": true,
        "landscapeOrientation": 0,
        "location": {
            "height": 240,
            "width": 240,
            "x": 62,
            "y": 171
        },
        "shape": "rectangle"
    },
    "fonts": [
        {
            "fontSet": "ww",
            "fonts": [
                {
                    "filename": "FNT_006B360000_ROBOTO_MEDIUM_REG",
                    "name": "xtiny"
                },
                {
                    "filename": "FNT_006B360000_ROBOTO_MEDIUM_REG",
                    "name": "tiny"
                },
                {
                    "filename": "FNT_006B360000_ROBOTO_MEDIUM_REG",
                    "name": "small"
                },
                {
                    "filename": "FNT_006B360000_ROBOTO_MEDIUM_REG",
                    "name": "medium"
                },
                {
                    "filename": "FNT_006B360000_ROBOTO_LARGE_BOLD",
                    "name": "large"
                },
                {
                    "filename": "FNT_006B360000_BOLD_NUMBER_FONT_1",
                    "name": "numberMild"
                },
                {
                    "filename": "FNT_006B360000_BOLD_NUMBER_FONT_2",
                    "name": "numberMedium"
                },
                {
                    "filename": "FNT_006B360000_BOLD_NUMBER_FONT_3",
                    "name": "numberHot"
                },
                {
                    "filename": "FNT_006B360000_BOLD_NUMBER_FONT_4",
                    "name": "numberThaiHot"
                },
                {
                    "filename": "FNT_006B360000_ROBOTO_MEDIUM_REG",
                    "name": "systemXtiny"
                },
                {
                    "filename": "FNT_006B360000_ROBOTO_MEDIUM_REG",
                    "name": "systemTiny"
                },
                {
                    "filename": "FNT_006B360000_ROBOTO_MEDIUM_REG",
                    "name": "systemSmall"
                },
                {
                    "filename": "FNT_006B360000_ROBOTO_MEDIUM_REG",
                    "name": "systemMedium"
                },
                {
                    "filename": "FNT_006B360000_ROBOTO_LARGE_BOLD",
                    "name": "systemLarge"
                },
                {
                    "filename": "FNT_006B360000_BOLD_NUMBER_FONT_1",
                    "name": "systemNumberMild"
                },
                {
                    "filename": "FNT_006B360000_BOLD_NUMBER_FONT_2",
                    "name": "systemNumberMedium"
                },
                {
                    "filename": "FNT_006B360000_BOLD_NUMBER_FONT_3",
                    "name": "systemNumberHot"
                },
                {
                    "filename": "FNT_006B360000_BOLD_NUMBER_FONT_4",
                    "name": "systemNumberThaiHot"
                },
                {
                    "filename": "FNT_006B360000_BOLD_NUMBER_FONT_5",
                    "name": "simExtNumber1"
                }
            ]
        },
        {
            "fontSet": "apac_chn",
            "fonts": [
                {
                    "filename": "FNT_NOTO_SANS_CJK_TC_BOLD_CHN_28",
                    "name": "xtiny"
                },
                {
                    "filename": "FNT_NOTO_SANS_CJK_TC_BOLD_CHN_28",
                    "name": "tiny"
                },
                {
                    "filename": "FNT_NOTO_SANS_CJK_TC_BOLD_CHN_28",
                    "name": "small"
                },
                {
                    "filename": "FNT_NOTO_SANS_CJK_TC_BOLD_CHN_28",
                    "name": "medium"
                },
                {
                    "filename": "FNT_NOTO_SANS_CJK_TC_BOLD_CHN_33",
                    "name": "large"
                },
                {
                    "filename": "FNT_006B360000_BOLD_NUMBER_FONT_1",
                    "name": "numberMild"
                },
                {
                    "filename": "FNT_006B360000_BOLD_NUMBER_FONT_2",
                    "name": "numberMedium"
                },
                {
                    "filename": "FNT_006B360000_BOLD_NUMBER_FONT_3",
                    "name": "numberHot"
                },
                {
                    "filename": "FNT_006B360000_BOLD_NUMBER_FONT_4",
                    "name": "numberThaiHot"
                },
                {
                    "filename": "FNT_NOTO_SANS_CJK_TC_BOLD_CHN_28",
                    "name": "systemXtiny"
                },
                {
                    "filename": "FNT_NOTO_SANS_CJK_TC_BOLD_CHN_28",
                    "name": "systemTiny"
                },
                {
                    "filename": "FNT_NOTO_SANS_CJK_TC_BOLD_CHN_28",
                    "name": "systemSmall"
                },
                {
                    "filename": "FNT_NOTO_SANS_CJK_TC_BOLD_CHN_28",
                    "name": "systemMedium"
                },
                {
                    "filename": "FNT_NOTO_SANS_CJK_TC_BOLD_CHN_33",
                    "name": "systemLarge"
                },
                {
                    "filename": "FNT_006B360000_BOLD_NUMBER_FONT_1",
                    "name": "systemNumberMild"
                },
                {
                    "filename": "FNT_006B360000_BOLD_NUMBER_FONT_2",
                    "name": "systemNumberMedium"
                },
                {
                    "filename": "FNT_006B360000_BOLD_NUMBER_FONT_3",
                    "name": "systemNumberHot"
                },
                {
                    "filename": "FNT_006B360000_BOLD_NUMBER_FONT_4",
                    "name": "systemNumberThaiHot"
                },
                {
                    "filename": "FNT_006B360000_BOLD_NUMBER_FONT_5",
                    "name": "simExtNumber1"
                }
            ]
        },
        {
            "fontSet": "apac_twn",
            "fonts": [
                {
                    "filename": "FNT_NOTO_SANS_CJK_TC_BOLD_TWN_28",
                    "name": "xtiny"
                },
                {
                    "filename": "FNT_NOTO_SANS_CJK_TC_BOLD_TWN_28",
                    "name": "tiny"
                },
                {
                    "filename": "FNT_NOTO_SANS_CJK_TC_BOLD_TWN_28",
                    "name": "small"
                },
                {
                    "filename": "FNT_NOTO_SANS_CJK_TC_BOLD_TWN_28",
                    "name": "medium"
                },
                {
                    "filename": "FNT_NOTO_SANS_CJK_TC_BOLD_TWN_33",
                    "name": "large"
                },
                {
                    "filename": "FNT_006B360000_BOLD_NUMBER_FONT_1",
                    "name": "numberMild"
                },
                {
                    "filename": "FNT_006B360000_BOLD_NUMBER_FONT_2",
                    "name": "numberMedium"
                },
                {
                    "filename": "FNT_006B360000_BOLD_NUMBER_FONT_3",
                    "name": "numberHot"
                },
                {
                    "filename": "FNT_006B360000_BOLD_NUMBER_FONT_4",
                    "name": "numberThaiHot"
                },
                {
                    "filename": "FNT_NOTO_SANS_CJK_TC_BOLD_TWN_28",
                    "name": "systemXtiny"
                },
                {
                    "filename": "FNT_NOTO_SANS_CJK_TC_BOLD_TWN_28",
                    "name": "systemTiny"
                },
                {
                    "filename": "FNT_NOTO_SANS_CJK_TC_BOLD_TWN_28",
                    "name": "systemSmall"
                },
                {
                    "filename": "FNT_NOTO_SANS_CJK_TC_BOLD_TWN_28",
                    "name": "systemMedium"
                },
                {
                    "filename": "FNT_NOTO_SANS_CJK_TC_BOLD_TWN_33",
                    "name": "systemLarge"
                },
                {
                    "filename": "FNT_006B360000_BOLD_NUMBER_FONT_1",
                    "name": "systemNumberMild"
                },
                {
                    "filename": "FNT_006B360000_BOLD_NUMBER_FONT_2",
                    "name": "systemNumberMedium"
                },
                {
                    "filename": "FNT_006B360000_BOLD_NUMBER_FONT_3",
                    "name": "systemNumberHot"
                },
                {
                    "filename": "FNT_006B360000_BOLD_NUMBER_FONT_4",
                    "name": "systemNumberThaiHot"
                },
                {
                    "filename": "FNT_006B360000_BOLD_NUMBER_FONT_5",
                    "name": "simExtNumber1"
                }
            ]
        },
        {
            "fontSet": "apac_jpn",
            "fonts": [
                {
                    "filename": "FNT_NOTO_SANS_CJK_JP_BOLD_28",
                    "name": "xtiny"
                },
                {
                    "filename": "FNT_NOTO_SANS_CJK_JP_BOLD_28",
                    "name": "tiny"
                },
                {
                    "filename": "FNT_NOTO_SANS_CJK_JP_BOLD_28",
                    "name": "small"
                },
                {
                    "filename": "FNT_NOTO_SANS_CJK_JP_BOLD_28",
                    "name": "medium"
                },
                {
                    "filename": "FNT_NOTO_SANS_CJK_JP_BOLD_33",
                    "name": "large"
                },
                {
                    "filename": "FNT_006B360000_BOLD_NUMBER_FONT_1",
                    "name": "numberMild"
                },
                {
                    "filename": "FNT_006B360000_BOLD_NUMBER_FONT_2",
                    "name": "numberMedium"
                },
                {
                    "filename": "FNT_006B360000_BOLD_NUMBER_FONT_3",
                    "name": "numberHot"
                },
                {
                    "filename": "FNT_006B360000_BOLD_NUMBER_FONT_4",
                    "name": "numberThaiHot"
                },
                {
                    "filename": "FNT_NOTO_SANS_CJK_JP_BOLD_28",
                    "name": "systemXtiny"
                },
                {
                    "filename": "FNT_NOTO_SANS_CJK_JP_BOLD_28",
                    "name": "systemTiny"
                },
                {
                    "filename": "FNT_NOTO_SANS_CJK_JP_BOLD_28",
                    "name": "systemSmall"
                },
                {
                    "filename": "FNT_NOTO_SANS_CJK_JP_BOLD_28",
                    "name": "systemMedium"
                },
                {
                    "filename": "FNT_NOTO_SANS_CJK_JP_BOLD_33",
                    "name": "systemLarge"
                },
                {
                    "filename": "FNT_006B360000_BOLD_NUMBER_FONT_1",
                    "name": "systemNumberMild"
                },
                {
                    "filename": "FNT_006B360000_BOLD_NUMBER_FONT_2",
                    "name": "systemNumberMedium"
                },
                {
                    "filename": "FNT_006B360000_BOLD_NUMBER_FONT_3",
                    "name": "systemNumberHot"
                },
                {
                    "filename": "FNT_006B360000_BOLD_NUMBER_FONT_4",
                    "name": "systemNumberThaiHot"
                },
                {
                    "filename": "FNT_006B360000_BOLD_NUMBER_FONT_5",
                    "name": "simExtNumber1"
                }
            ]
        },
        {
            "fontSet": "apac_kor",
            "fonts": [
                {
                    "filename": "FNT_NOTO_SANS_CJK_KR_REGULAR_28",
                    "name": "xtiny"
                },
                {
                    "filename": "FNT_NOTO_SANS_CJK_KR_REGULAR_28",
                    "name": "tiny"
                },
                {
                    "filename": "FNT_NOTO_SANS_CJK_KR_REGULAR_28",
                    "name": "small"
                },
                {
                    "filename": "FNT_NOTO_SANS_CJK_KR_REGULAR_28",
                    "name": "medium"
                },
                {
                    "filename": "FNT_NOTO_SANS_CJK_KR_REGULAR_33",
                    "name": "large"
                },
                {
                    "filename": "FNT_006B360000_BOLD_NUMBER_FONT_1",
                    "name": "numberMild"
                },
                {
                    "filename": "FNT_006B360000_BOLD_NUMBER_FONT_2",
                    "name": "numberMedium"
                },
                {
                    "filename": "FNT_006B360000_BOLD_NUMBER_FONT_3",
                    "name": "numberHot"
                },
                {
                    "filename": "FNT_006B360000_BOLD_NUMBER_FONT_4",
                    "name": "numberThaiHot"
                },
                {
                    "filename": "FNT_NOTO_SANS_CJK_KR_REGULAR_28",
                    "name": "systemXtiny"
                },
                {
                    "filename": "FNT_NOTO_SANS_CJK_KR_REGULAR_28",
                    "name": "systemTiny"
                },
                {
                    "filename": "FNT_NOTO_SANS_CJK_KR_REGULAR_28",
                    "name": "systemSmall"
                },
                {
                    "filename": "FNT_NOTO_SANS_CJK_KR_REGULAR_28",
                    "name": "systemMedium"
                },
                {
                    "filename": "FNT_NOTO_SANS_CJK_KR_REGULAR_33",
                    "name": "systemLarge"
                },
                {
                    "filename": "FNT_006B360000_BOLD_NUMBER_FONT_1",
                    "name": "systemNumberMild"
                },
                {
                    "filename": "FNT_006B360000_BOLD_NUMBER_FONT_2",
                    "name": "systemNumberMedium"
                },
                {
                    "filename": "FNT_006B360000_BOLD_NUMBER_FONT_3",
                    "name": "systemNumberHot"
                },
                {
                    "filename": "FNT_006B360000_BOLD_NUMBER_FONT_4",
                    "name": "systemNumberThaiHot"
                },
                {
                    "filename": "FNT_006B360000_BOLD_NUMBER_FONT_5",
                    "name": "simExtNumber1"
                }
            ]
        },
        {
            "fontSet": "apac_tha",
            "fonts": [
                {
                    "filename": "bitstreamVeraSans 16",
                    "name": "xtiny"
                },
                {
                    "filename": "bitstreamVeraSans 16",
                    "name": "tiny"
                },
                {
                    "filename": "bitstreamVeraSans 16",
                    "name": "small"
                },
                {
                    "filename": "bitstreamVeraSans 21",
                    "name": "medium"
                },
                {
                    "filename": "bitstreamVeraSans 27",
                    "name": "large"
                },
                {
                    "filename": "FNT_006B360000_BOLD_NUMBER_FONT_1",
                    "name": "numberMild"
                },
                {
                    "filename": "FNT_006B360000_BOLD_NUMBER_FONT_2",
                    "name": "numberMedium"
                },
                {
                    "filename": "FNT_006B360000_BOLD_NUMBER_FONT_3",
                    "name": "numberHot"
                },
                {
                    "filename": "FNT_006B360000_BOLD_NUMBER_FONT_4",
                    "name": "numberThaiHot"
                },
                {
                    "filename": "bitstreamVeraSans 16",
                    "name": "systemXtiny"
                },
                {
                    "filename": "bitstreamVeraSans 16",
                    "name": "systemTiny"
                },
                {
                    "filename": "bitstreamVeraSans 16",
                    "name": "systemSmall"
                },
                {
                    "filename": "bitstreamVeraSans 21",
                    "name": "systemMedium"
                },
                {
                    "filename": "bitstreamVeraSans 27",
                    "name": "systemLarge"
                },
                {
                    "filename": "FNT_006B360000_BOLD_NUMBER_FONT_1",
                    "name": "systemNumberMild"
                },
                {
                    "filename": "FNT_006B360000_BOLD_NUMBER_FONT_2",
                    "name": "systemNumberMedium"
                },
                {
                    "filename": "FNT_006B360000_BOLD_NUMBER_FONT_3",
                    "name": "systemNumberHot"
                },
                {
                    "filename": "FNT_006B360000_BOLD_NUMBER_FONT_4",
                    "name": "systemNumberThaiHot"
                },
                {
                    "filename": "FNT_006B360000_BOLD_NUMBER_FONT_5",
                    "name": "simExtNumber1"
                }
            ]
        }
    ],
    "image": "venusq.png",
    "keys": [
        {
            "id": "enter",
            "location": {
                "height": 103,
                "width": 31,
                "x": 335,
                "y": 178
            }
        },
        {
            "behavior": "onMenu",
            "id": "menu",
            "isHold": true,
            "location": {
                "height": 103,
                "width": 31,
                "x": 335,
                "y": 324
            }
        },
        {
            "behavior": "onBack",
            "id": "esc",
            "location": {
                "height": 103,
                "width": 31,
                "x": 335,
                "y": 324
            }
        }
    ],
    "layouts": [
        {
            "datafields": {
                "datafields": [
                    {
                        "drawBorders": false,
                        "fields": [
                            {
                                "data": {
                                    "font": "simExtNumber1",
                                    "justification": "center",
                                    "width": 220,
                                    "x": 107,
                                    "y": 149
                                },
                                "label": {
                                    "font": "medium",
                                    "justification": "center",
                                    "x": 110,
                                    "y": 82
                                },
                                "labelDisabled": false,
                                "location": {
                                    "height": 240,
                                    "width": 220,
                                    "x": 12,
                                    "y": 0
                                },
                                "obscurity": []
                            }
                        ],
                        "name": "1 Field"
                    },
                    {
                        "drawBorders": false,
                        "fields": [
                            {
                                "data": {
                                    "font": "simExtNumber1",
                                    "justification": "center",
                                    "width": 220,
                                    "x": 107,
                                    "y": 101
                                },
                                "label": {
                                    "font": "medium",
                                    "justification": "center",
                                    "x": 110,
                                    "y": 32
                                },
                                "labelDisabled": false,
                                "location": {
                                    "height": 120,
                                    "width": 220,
                                    "x": 12,
                                    "y": 0
                                },
                                "obscurity": []
                            },
                            {
                                "data": {
                                    "font": "simExtNumber1",
                                    "justification": "center",
                                    "width": 220,
                                    "x": 107,
                                    "y": 101
                                },
                                "label": {
                                    "font": "medium",
                                    "justification": "center",
                                    "x": 110,
                                    "y": 32
                                },
                                "labelDisabled": false,
                                "location": {
                                    "height": 120,
                                    "width": 220,
                                    "x": 12,
                                    "y": 120
                                },
                                "obscurity": []
                            }
                        ],
                        "name": "2 Fields"
                    },
                    {
                        "drawBorders": false,
                        "fields": [
                            {
                                "data": {
                                    "font": "numberHot",
                                    "justification": "center",
                                    "width": 220,
                                    "x": 107,
                                    "y": 65
                                },
                                "label": {
                                    "font": "medium",
                                    "justification": "center",
                                    "x": 110,
                                    "y": 28
                                },
                                "labelDisabled": false,
                                "location": {
                                    "height": 77,
                                    "width": 220,
                                    "x": 12,
                                    "y": 0
                                },
                                "obscurity": []
                            },
                            {
                                "data": {
                                    "font": "simExtNumber1",
                                    "justification": "center",
                                    "width": 220,
                                    "x": 107,
                                    "y": 75
                                },
                                "label": {
                                    "font": "medium",
                                    "justification": "center",
                                    "x": 110,
                                    "y": 23
                                },
                                "labelDisabled": false,
                                "location": {
                                    "height": 86,
                                    "width": 220,
                                    "x": 12,
                                    "y": 77
                                },
                                "obscurity": []
                            },
                            {
                                "data": {
                                    "font": "numberHot",
                                    "justification": "center",
                                    "width": 220,
                                    "x": 107,
                                    "y": 70
                                },
                                "label": {
                                    "font": "medium",
                                    "justification": "center",
                                    "x": 110,
                                    "y": 30
                                },
                                "labelDisabled": false,
                                "location": {
                                    "height": 77,
                                    "width": 220,
                                    "x": 12,
                                    "y": 163
                                },
                                "obscurity": []
                            }
                        ],
                        "name": "3 Fields"
                    }
                ]
            },
            "menu2": {
                "customTitle": {
                    "height": 45,
                    "width": 130,
                    "x": 55,
                    "y": 1
                },
                "doneButtons": {
                    "bottom": true
                },
                "items": {
                    "checks": [
                        {
                            "alignment": "left",
                            "disabledIconFile": "menu2_check_off_venusq.png",
                            "enabledIconFile": "menu2_check_on_venusq.png",
                            "x": 8,
                            "y": 22
                        },
                        {
                            "alignment": "right",
                            "disabledIconFile": "menu2_check_off_venusq.png",
                            "enabledIconFile": "menu2_check_on_venusq.png",
                            "x": 203,
                            "y": 22
                        }
                    ],
                    "divider": 2,
                    "icons": {
                        "check": "left",
                        "icon": "left",
                        "leftLocation": {
                            "height": 70,
                            "width": 40,
                            "x": 10,
                            "y": 0
                        },
                        "rightLocation": {
                            "height": 70,
                            "width": 40,
                            "x": 191,
                            "y": 0
                        },
                        "toggle": "right"
                    },
                    "item": {
                        "height": 70,
                        "labelFont": "large",
                        "subLabelFont": "small",
                        "width": 240,
                        "xOffset": 10
                    },
                    "region": {
                        "height": 70,
                        "width": 240,
                        "x": 0,
                        "y": 0
                    },
                    "stringWidths": {
                        "basic": 218,
                        "check": 195,
                        "icon": 180,
                        "toggle": 216
                    },
                    "toggles": [
                        {
                            "alignment": "left",
                            "disabledIconFile": "menu2_toggle_off_venusq.png",
                            "enabledIconFile": "menu2_toggle_on_venusq.png",
                            "x": 8,
                            "y": 11
                        },
                        {
                            "alignment": "right",
                            "disabledIconFile": "menu2_toggle_off_venusq.png",
                            "enabledIconFile": "menu2_toggle_on_venusq.png",
                            "x": 220,
                            "y": 11
                        }
                    ]
                },
                "mode": "scroll",
                "title": {
                    "height": 47,
                    "width": 240,
                    "x": 0,
                    "y": 0
                },
                "titleString": {
                    "font": "tiny",
                    "width": 120,
                    "x": 119,
                    "y": 40
                }
            },
            "orientation": "portrait",
            "picker": {
                "entries": [
                    {
                        "height": 130,
                        "width": 72,
                        "x": 2,
                        "y": 80
                    },
                    {
                        "height": 130,
                        "width": 89,
                        "x": 75,
                        "y": 80
                    },
                    {
                        "height": 130,
                        "width": 72,
                        "x": 165,
                        "y": 80
                    }
                ],
                "nextArrow": {
                    "height": 8,
                    "width": 12,
                    "x": 114,
                    "y": 72
                },
                "previousArrow": {
                    "height": 8,
                    "width": 12,
                    "x": 114,
                    "y": 210
                },
                "title": {
                    "height": 40,
                    "width": 152,
                    "x": 44,
                    "y": 27
                }
            }
        }
    ],
    "screenProtectionSupport": true,
    "sensorHistory": [
        {
            "interval": 120,
            "size": 180,
            "type": "heartrate"
        },
        {
            "interval": 120,
            "size": 180,
            "type": "elevation"
        },
        {
            "interval": 120,
            "size": 180,
            "type": "temperature"
        },
        {
            "interval": 120,
            "size": 180,
            "type": "pressure"
        }
    ],
    "watchdogCount": 120000,
    "wifiExclusions": [
        "normal"
    ]
}