{
    "appStorageCapacity": 10485760,
    "complications": {
        "time": {
            "showAmPm": true
        }
    },
    "constellationConfiguration": [
        {
            "configuration": [
                "GPS L1",
                "GALILEO L1",
                "GLONASS"
            ],
            "name": "Non-Sapphire"
        },
        {
            "configuration": [
                "GPS L1",
                "GPS L5",
                "GALILEO L1",
                "GALILEO L5",
                "GLONASS",
                "BEIDOU L1",
                "BEIDOU L5",
                "SATIQ"
            ],
            "name": "Sapphire"
        }
    ],
    "display": {
        "behaviors": [
            {
                "gesture": "swipeRight",
                "id": "onBack",
                "maxDistToEdge": 50,
                "minSwipeDeltaX": 40,
                "minSwipeDeltaY": 40
            },
            {
                "gesture": "swipeLeft"
            },
            {
                "gesture": "swipeUp",
                "id": "nextPage"
            },
            {
                "gesture": "swipeDown",
                "id": "previousPage"
            },
            {
                "gesture": "hold"
            },
            {
                "gesture": "release"
            },
            {
                "gesture": "tap",
                "id": "onSelect"
            }
        ],
        "isTouch": true,
        "landscapeOrientation": 0,
        "location": {
            "height": 240,
            "width": 240,
            "x": 69,
            "y": 138
        },
        "shape": "round"
    },
    "fonts": [
        {
            "fontSet": "ww",
            "fonts": [
                {
                    "filename": "FNT_FENIX6S_CDPG_ROBOTO_13B",
                    "name": "xtiny"
                },
                {
                    "filename": "FNT_FENIX6S_CDPG_ROBOTO_17B",
                    "name": "tiny"
                },
                {
                    "filename": "FNT_FENIX6S_CDPG_ROBOTO_19B",
                    "name": "small"
                },
                {
                    "filename": "FNT_FENIX6S_CDPG_ROBOTO_22B",
                    "name": "medium"
                },
                {
                    "filename": "FNT_FENIX6S_CDPG_ROBOTO_24B",
                    "name": "large"
                },
                {
                    "filename": "FNT_006B390500_BIONIC_COND_BOLD_NUMBER_28",
                    "name": "numberMild"
                },
                {
                    "filename": "FNT_006B390500_BIONIC_COND_BOLD_NUMBER_35",
                    "name": "numberMedium"
                },
                {
                    "filename": "FNT_FENIX6S_BIONIC_BOLD_NUMBER_46",
                    "name": "numberHot"
                },
                {
                    "filename": "FNT_FENIX6S_BIONIC_BOLD_NUMBER_53",
                    "name": "numberThaiHot"
                },
                {
                    "filename": "FNT_FENIX6S_CDPG_ROBOTO_13B",
                    "name": "systemXtiny"
                },
                {
                    "filename": "FNT_FENIX6S_CDPG_ROBOTO_17B",
                    "name": "systemTiny"
                },
                {
                    "filename": "FNT_FENIX6S_CDPG_ROBOTO_19B",
                    "name": "systemSmall"
                },
                {
                    "filename": "FNT_FENIX6S_CDPG_ROBOTO_22B",
                    "name": "systemMedium"
                },
                {
                    "filename": "FNT_FENIX6S_CDPG_ROBOTO_24B",
                    "name": "systemLarge"
                },
                {
                    "filename": "FNT_006B390500_BIONIC_COND_BOLD_NUMBER_28",
                    "name": "systemNumberMild"
                },
                {
                    "filename": "FNT_006B390500_BIONIC_COND_BOLD_NUMBER_35",
                    "name": "systemNumberMedium"
                },
                {
                    "filename": "FNT_FENIX6S_BIONIC_BOLD_NUMBER_46",
                    "name": "systemNumberHot"
                },
                {
                    "filename": "FNT_FENIX6S_BIONIC_BOLD_NUMBER_53",
                    "name": "systemNumberThaiHot"
                },
                {
                    "filename": "FNT_FENIX6_CDPG_ROBOTO_15B",
                    "name": "glanceFont"
                },
                {
                    "filename": "FNT_FENIX6_BIONIC_BOLD_NUMBER_18",
                    "name": "glanceNumberFont"
                },
                {
                    "filename": "FNT_FENIX6S_BIONIC_COND_BOLD_NUMBER_26",
                    "name": "simExtNumber1"
                },
                {
                    "filename": "FNT_FENIX6S_BIONIC_COND_BOLD_NUMBER_42",
                    "name": "simExtNumber2"
                },
                {
                    "filename": "FNT_FENIX6S_BIONIC_BOLD_NUMBER_59",
                    "name": "simExtNumber3"
                },
                {
                    "filename": "Bionic_Bold_Number_Only",
                    "name": "BionicBold",
                    "type": "system_ttf"
                },
                {
                    "filename": "RobotoCondensed-Bold",
                    "name": "RobotoCondensedBold",
                    "type": "system_ttf"
                },
                {
                    "filename": "RobotoCondensed-Regular",
                    "name": "RobotoCondensedRegular",
                    "type": "system_ttf"
                },
                {
                    "filename": "NotoSansSC-Medium-3",
                    "name": "NotoSansSCMedium",
                    "type": "system_ttf"
                },
                {
                    "filename": "Kosugi-Regular-3",
                    "name": "KosugiRegular",
                    "type": "system_ttf"
                },
                {
                    "filename": "NanumGothic-Regular",
                    "name": "NanumGothicRegular",
                    "type": "system_ttf"
                },
                {
                    "filename": "Pridi-Regular_Garmin",
                    "name": "PridiRegularGarmin",
                    "type": "system_ttf"
                },
                {
                    "filename": "sakkal_majalla_bold",
                    "name": "SakkalMajallaBold",
                    "type": "system_ttf"
                },
                {
                    "filename": "sakkal_majalla_roman",
                    "name": "SakkalMajallaRoman",
                    "type": "system_ttf"
                },
                {
                    "filename": "swiss_721_bd",
                    "name": "Swiss721Bold",
                    "type": "system_ttf"
                },
                {
                    "filename": "swiss_721_reg",
                    "name": "Swiss721Regular",
                    "type": "system_ttf"
                }
            ]
        },
        {
            "fontSet": "apac_chn",
            "fonts": [
                {
                    "filename": "FNT_006B437400_NOTO_SANS_SC_BOLD_94_16",
                    "name": "xtiny"
                },
                {
                    "filename": "FNT_006B437400_NOTO_SANS_SC_BOLD_94_22",
                    "name": "tiny"
                },
                {
                    "filename": "FNT_006B437400_NOTO_SANS_SC_BOLD_94_24",
                    "name": "small"
                },
                {
                    "filename": "FNT_006B437400_NOTO_SANS_SC_BOLD_94_28",
                    "name": "medium"
                },
                {
                    "filename": "FNT_006B437400_NOTO_SANS_SC_BOLD_94_30",
                    "name": "large"
                },
                {
                    "filename": "FNT_FENIX6S_BIONIC_COND_BOLD_NUMBER_28",
                    "name": "numberMild"
                },
                {
                    "filename": "FNT_FENIX6S_BIONIC_COND_BOLD_NUMBER_34",
                    "name": "numberMedium"
                },
                {
                    "filename": "FNT_FENIX6S_BIONIC_BOLD_NUMBER_46",
                    "name": "numberHot"
                },
                {
                    "filename": "FNT_FENIX6S_BIONIC_BOLD_NUMBER_53",
                    "name": "numberThaiHot"
                },
                {
                    "filename": "FNT_006B437400_NOTO_SANS_SC_BOLD_94_16",
                    "name": "systemXtiny"
                },
                {
                    "filename": "FNT_006B437400_NOTO_SANS_SC_BOLD_94_22",
                    "name": "systemTiny"
                },
                {
                    "filename": "FNT_006B437400_NOTO_SANS_SC_BOLD_94_24",
                    "name": "systemSmall"
                },
                {
                    "filename": "FNT_006B437400_NOTO_SANS_SC_BOLD_94_28",
                    "name": "systemMedium"
                },
                {
                    "filename": "FNT_006B437400_NOTO_SANS_SC_BOLD_94_30",
                    "name": "systemLarge"
                },
                {
                    "filename": "FNT_FENIX6S_BIONIC_COND_BOLD_NUMBER_28",
                    "name": "systemNumberMild"
                },
                {
                    "filename": "FNT_FENIX6S_BIONIC_COND_BOLD_NUMBER_34",
                    "name": "systemNumberMedium"
                },
                {
                    "filename": "FNT_FENIX6S_BIONIC_BOLD_NUMBER_46",
                    "name": "systemNumberHot"
                },
                {
                    "filename": "FNT_FENIX6S_BIONIC_BOLD_NUMBER_53",
                    "name": "systemNumberThaiHot"
                },
                {
                    "filename": "FNT_006B437400_NOTO_SANS_SC_BOLD_94_18",
                    "name": "glanceFont"
                },
                {
                    "filename": "FNT_FENIX6_BIONIC_BOLD_NUMBER_18",
                    "name": "glanceNumberFont"
                },
                {
                    "filename": "FNT_FENIX6S_BIONIC_COND_BOLD_NUMBER_26",
                    "name": "simExtNumber1"
                },
                {
                    "filename": "FNT_FENIX6S_BIONIC_COND_BOLD_NUMBER_42",
                    "name": "simExtNumber2"
                },
                {
                    "filename": "FNT_FENIX6S_BIONIC_BOLD_NUMBER_59",
                    "name": "simExtNumber3"
                },
                {
                    "filename": "Bionic_Bold_Number_Only",
                    "name": "BionicBold",
                    "type": "system_ttf"
                },
                {
                    "filename": "RobotoCondensed-Bold",
                    "name": "RobotoCondensedBold",
                    "type": "system_ttf"
                },
                {
                    "filename": "RobotoCondensed-Regular",
                    "name": "RobotoCondensedRegular",
                    "type": "system_ttf"
                },
                {
                    "filename": "NotoSansSC-Medium-3",
                    "name": "NotoSansSCMedium",
                    "type": "system_ttf"
                },
                {
                    "filename": "Kosugi-Regular-3",
                    "name": "KosugiRegular",
                    "type": "system_ttf"
                },
                {
                    "filename": "NanumGothic-Regular",
                    "name": "NanumGothicRegular",
                    "type": "system_ttf"
                },
                {
                    "filename": "Pridi-Regular_Garmin",
                    "name": "PridiRegularGarmin",
                    "type": "system_ttf"
                },
                {
                    "filename": "sakkal_majalla_bold",
                    "name": "SakkalMajallaBold",
                    "type": "system_ttf"
                },
                {
                    "filename": "sakkal_majalla_roman",
                    "name": "SakkalMajallaRoman",
                    "type": "system_ttf"
                },
                {
                    "filename": "swiss_721_bd",
                    "name": "Swiss721Bold",
                    "type": "system_ttf"
                },
                {
                    "filename": "swiss_721_reg",
                    "name": "Swiss721Regular",
                    "type": "system_ttf"
                }
            ]
        },
        {
            "fontSet": "apac_twn",
            "fonts": [
                {
                    "filename": "FNT_006B437400_NOTO_SANS_TC_BOLD_94_16",
                    "name": "xtiny"
                },
                {
                    "filename": "FNT_006B437400_NOTO_SANS_TC_BOLD_94_22",
                    "name": "tiny"
                },
                {
                    "filename": "FNT_006B437400_NOTO_SANS_TC_BOLD_94_24",
                    "name": "small"
                },
                {
                    "filename": "FNT_006B437400_NOTO_SANS_TC_BOLD_94_28",
                    "name": "medium"
                },
                {
                    "filename": "FNT_006B437400_NOTO_SANS_TC_BOLD_94_30",
                    "name": "large"
                },
                {
                    "filename": "FNT_FENIX6S_BIONIC_COND_BOLD_NUMBER_28",
                    "name": "numberMild"
                },
                {
                    "filename": "FNT_FENIX6S_BIONIC_COND_BOLD_NUMBER_34",
                    "name": "numberMedium"
                },
                {
                    "filename": "FNT_FENIX6S_BIONIC_BOLD_NUMBER_46",
                    "name": "numberHot"
                },
                {
                    "filename": "FNT_FENIX6S_BIONIC_BOLD_NUMBER_53",
                    "name": "numberThaiHot"
                },
                {
                    "filename": "FNT_006B437400_NOTO_SANS_TC_BOLD_94_16",
                    "name": "systemXtiny"
                },
                {
                    "filename": "FNT_006B437400_NOTO_SANS_TC_BOLD_94_22",
                    "name": "systemTiny"
                },
                {
                    "filename": "FNT_006B437400_NOTO_SANS_TC_BOLD_94_24",
                    "name": "systemSmall"
                },
                {
                    "filename": "FNT_006B437400_NOTO_SANS_TC_BOLD_94_28",
                    "name": "systemMedium"
                },
                {
                    "filename": "FNT_006B437400_NOTO_SANS_TC_BOLD_94_30",
                    "name": "systemLarge"
                },
                {
                    "filename": "FNT_FENIX6S_BIONIC_COND_BOLD_NUMBER_28",
                    "name": "systemNumberMild"
                },
                {
                    "filename": "FNT_FENIX6S_BIONIC_COND_BOLD_NUMBER_34",
                    "name": "systemNumberMedium"
                },
                {
                    "filename": "FNT_FENIX6S_BIONIC_BOLD_NUMBER_46",
                    "name": "systemNumberHot"
                },
                {
                    "filename": "FNT_FENIX6S_BIONIC_BOLD_NUMBER_53",
                    "name": "systemNumberThaiHot"
                },
                {
                    "filename": "FNT_006B437400_NOTO_SANS_TC_BOLD_94_18",
                    "name": "glanceFont"
                },
                {
                    "filename": "FNT_FENIX6_BIONIC_BOLD_NUMBER_18",
                    "name": "glanceNumberFont"
                },
                {
                    "filename": "FNT_FENIX6S_BIONIC_COND_BOLD_NUMBER_26",
                    "name": "simExtNumber1"
                },
                {
                    "filename": "FNT_FENIX6S_BIONIC_COND_BOLD_NUMBER_42",
                    "name": "simExtNumber2"
                },
                {
                    "filename": "FNT_FENIX6S_BIONIC_BOLD_NUMBER_59",
                    "name": "simExtNumber3"
                },
                {
                    "filename": "Bionic_Bold_Number_Only",
                    "name": "BionicBold",
                    "type": "system_ttf"
                },
                {
                    "filename": "RobotoCondensed-Bold",
                    "name": "RobotoCondensedBold",
                    "type": "system_ttf"
                },
                {
                    "filename": "RobotoCondensed-Regular",
                    "name": "RobotoCondensedRegular",
                    "type": "system_ttf"
                },
                {
                    "filename": "NotoSansSC-Medium-3",
                    "name": "NotoSansSCMedium",
                    "type": "system_ttf"
                },
                {
                    "filename": "Kosugi-Regular-3",
                    "name": "KosugiRegular",
                    "type": "system_ttf"
                },
                {
                    "filename": "NanumGothic-Regular",
                    "name": "NanumGothicRegular",
                    "type": "system_ttf"
                },
                {
                    "filename": "Pridi-Regular_Garmin",
                    "name": "PridiRegularGarmin",
                    "type": "system_ttf"
                },
                {
                    "filename": "sakkal_majalla_bold",
                    "name": "SakkalMajallaBold",
                    "type": "system_ttf"
                },
                {
                    "filename": "sakkal_majalla_roman",
                    "name": "SakkalMajallaRoman",
                    "type": "system_ttf"
                },
                {
                    "filename": "swiss_721_bd",
                    "name": "Swiss721Bold",
                    "type": "system_ttf"
                },
                {
                    "filename": "swiss_721_reg",
                    "name": "Swiss721Regular",
                    "type": "system_ttf"
                }
            ]
        },
        {
            "fontSet": "apac_jpn",
            "fonts": [
                {
                    "filename": "FNT_006B437400_KOSUGI_REGULAR_94_16B",
                    "name": "xtiny"
                },
                {
                    "filename": "FNT_006B437400_KOSUGI_REGULAR_94_22B",
                    "name": "tiny"
                },
                {
                    "filename": "FNT_006B437400_KOSUGI_REGULAR_94_24B",
                    "name": "small"
                },
                {
                    "filename": "FNT_006B437400_KOSUGI_REGULAR_94_28B",
                    "name": "medium"
                },
                {
                    "filename": "FNT_006B437400_KOSUGI_REGULAR_94_30B",
                    "name": "large"
                },
                {
                    "filename": "FNT_FENIX6S_BIONIC_COND_BOLD_NUMBER_28",
                    "name": "numberMild"
                },
                {
                    "filename": "FNT_FENIX6S_BIONIC_COND_BOLD_NUMBER_34",
                    "name": "numberMedium"
                },
                {
                    "filename": "FNT_FENIX6S_BIONIC_BOLD_NUMBER_46",
                    "name": "numberHot"
                },
                {
                    "filename": "FNT_FENIX6S_BIONIC_BOLD_NUMBER_53",
                    "name": "numberThaiHot"
                },
                {
                    "filename": "FNT_006B437400_KOSUGI_REGULAR_94_16B",
                    "name": "systemXtiny"
                },
                {
                    "filename": "FNT_006B437400_KOSUGI_REGULAR_94_22B",
                    "name": "systemTiny"
                },
                {
                    "filename": "FNT_006B437400_KOSUGI_REGULAR_94_24B",
                    "name": "systemSmall"
                },
                {
                    "filename": "FNT_006B437400_KOSUGI_REGULAR_94_28B",
                    "name": "systemMedium"
                },
                {
                    "filename": "FNT_006B437400_KOSUGI_REGULAR_94_30B",
                    "name": "systemLarge"
                },
                {
                    "filename": "FNT_FENIX6S_BIONIC_COND_BOLD_NUMBER_28",
                    "name": "systemNumberMild"
                },
                {
                    "filename": "FNT_FENIX6S_BIONIC_COND_BOLD_NUMBER_34",
                    "name": "systemNumberMedium"
                },
                {
                    "filename": "FNT_FENIX6S_BIONIC_BOLD_NUMBER_46",
                    "name": "systemNumberHot"
                },
                {
                    "filename": "FNT_FENIX6S_BIONIC_BOLD_NUMBER_53",
                    "name": "systemNumberThaiHot"
                },
                {
                    "filename": "FNT_006B437400_KOSUGI_REGULAR_94_18B",
                    "name": "glanceFont"
                },
                {
                    "filename": "FNT_FENIX6_BIONIC_BOLD_NUMBER_18",
                    "name": "glanceNumberFont"
                },
                {
                    "filename": "FNT_FENIX6S_BIONIC_COND_BOLD_NUMBER_26",
                    "name": "simExtNumber1"
                },
                {
                    "filename": "FNT_FENIX6S_BIONIC_COND_BOLD_NUMBER_42",
                    "name": "simExtNumber2"
                },
                {
                    "filename": "FNT_FENIX6S_BIONIC_BOLD_NUMBER_59",
                    "name": "simExtNumber3"
                },
                {
                    "filename": "Bionic_Bold_Number_Only",
                    "name": "BionicBold",
                    "type": "system_ttf"
                },
                {
                    "filename": "RobotoCondensed-Bold",
                    "name": "RobotoCondensedBold",
                    "type": "system_ttf"
                },
                {
                    "filename": "RobotoCondensed-Regular",
                    "name": "RobotoCondensedRegular",
                    "type": "system_ttf"
                },
                {
                    "filename": "NotoSansSC-Medium-3",
                    "name": "NotoSansSCMedium",
                    "type": "system_ttf"
                },
                {
                    "filename": "Kosugi-Regular-3",
                    "name": "KosugiRegular",
                    "type": "system_ttf"
                },
                {
                    "filename": "NanumGothic-Regular",
                    "name": "NanumGothicRegular",
                    "type": "system_ttf"
                },
                {
                    "filename": "Pridi-Regular_Garmin",
                    "name": "PridiRegularGarmin",
                    "type": "system_ttf"
                },
                {
                    "filename": "sakkal_majalla_bold",
                    "name": "SakkalMajallaBold",
                    "type": "system_ttf"
                },
                {
                    "filename": "sakkal_majalla_roman",
                    "name": "SakkalMajallaRoman",
                    "type": "system_ttf"
                },
                {
                    "filename": "swiss_721_bd",
                    "name": "Swiss721Bold",
                    "type": "system_ttf"
                },
                {
                    "filename": "swiss_721_reg",
                    "name": "Swiss721Regular",
                    "type": "system_ttf"
                }
            ]
        },
        {
            "fontSet": "apac_kor",
            "fonts": [
                {
                    "filename": "FNT_006B437400_NANUM_GOTHIC_EXTRA_BOLD_94_16",
                    "name": "xtiny"
                },
                {
                    "filename": "FNT_006B437400_NANUM_GOTHIC_EXTRA_BOLD_94_22",
                    "name": "tiny"
                },
                {
                    "filename": "FNT_006B437400_NANUM_GOTHIC_EXTRA_BOLD_94_24",
                    "name": "small"
                },
                {
                    "filename": "FNT_006B437400_NANUM_GOTHIC_EXTRA_BOLD_94_28",
                    "name": "medium"
                },
                {
                    "filename": "FNT_006B437400_NANUM_GOTHIC_EXTRA_BOLD_94_30",
                    "name": "large"
                },
                {
                    "filename": "FNT_FENIX6S_BIONIC_COND_BOLD_NUMBER_28",
                    "name": "numberMild"
                },
                {
                    "filename": "FNT_FENIX6S_BIONIC_COND_BOLD_NUMBER_34",
                    "name": "numberMedium"
                },
                {
                    "filename": "FNT_FENIX6S_BIONIC_BOLD_NUMBER_46",
                    "name": "numberHot"
                },
                {
                    "filename": "FNT_FENIX6S_BIONIC_BOLD_NUMBER_53",
                    "name": "numberThaiHot"
                },
                {
                    "filename": "FNT_006B437400_NANUM_GOTHIC_EXTRA_BOLD_94_16",
                    "name": "systemXtiny"
                },
                {
                    "filename": "FNT_006B437400_NANUM_GOTHIC_EXTRA_BOLD_94_22",
                    "name": "systemTiny"
                },
                {
                    "filename": "FNT_006B437400_NANUM_GOTHIC_EXTRA_BOLD_94_24",
                    "name": "systemSmall"
                },
                {
                    "filename": "FNT_006B437400_NANUM_GOTHIC_EXTRA_BOLD_94_28",
                    "name": "systemMedium"
                },
                {
                    "filename": "FNT_006B437400_NANUM_GOTHIC_EXTRA_BOLD_94_30",
                    "name": "systemLarge"
                },
                {
                    "filename": "FNT_FENIX6S_BIONIC_COND_BOLD_NUMBER_28",
                    "name": "systemNumberMild"
                },
                {
                    "filename": "FNT_FENIX6S_BIONIC_COND_BOLD_NUMBER_34",
                    "name": "systemNumberMedium"
                },
                {
                    "filename": "FNT_FENIX6S_BIONIC_BOLD_NUMBER_46",
                    "name": "systemNumberHot"
                },
                {
                    "filename": "FNT_FENIX6S_BIONIC_BOLD_NUMBER_53",
                    "name": "systemNumberThaiHot"
                },
                {
                    "filename": "FNT_006B437400_NANUM_GOTHIC_EXTRA_BOLD_94_18",
                    "name": "glanceFont"
                },
                {
                    "filename": "FNT_FENIX6_BIONIC_BOLD_NUMBER_18",
                    "name": "glanceNumberFont"
                },
                {
                    "filename": "FNT_FENIX6S_BIONIC_COND_BOLD_NUMBER_26",
                    "name": "simExtNumber1"
                },
                {
                    "filename": "FNT_FENIX6S_BIONIC_COND_BOLD_NUMBER_42",
                    "name": "simExtNumber2"
                },
                {
                    "filename": "FNT_FENIX6S_BIONIC_BOLD_NUMBER_59",
                    "name": "simExtNumber3"
                },
                {
                    "filename": "Bionic_Bold_Number_Only",
                    "name": "BionicBold",
                    "type": "system_ttf"
                },
                {
                    "filename": "RobotoCondensed-Bold",
                    "name": "RobotoCondensedBold",
                    "type": "system_ttf"
                },
                {
                    "filename": "RobotoCondensed-Regular",
                    "name": "RobotoCondensedRegular",
                    "type": "system_ttf"
                },
                {
                    "filename": "NotoSansSC-Medium-3",
                    "name": "NotoSansSCMedium",
                    "type": "system_ttf"
                },
                {
                    "filename": "Kosugi-Regular-3",
                    "name": "KosugiRegular",
                    "type": "system_ttf"
                },
                {
                    "filename": "NanumGothic-Regular",
                    "name": "NanumGothicRegular",
                    "type": "system_ttf"
                },
                {
                    "filename": "Pridi-Regular_Garmin",
                    "name": "PridiRegularGarmin",
                    "type": "system_ttf"
                },
                {
                    "filename": "sakkal_majalla_bold",
                    "name": "SakkalMajallaBold",
                    "type": "system_ttf"
                },
                {
                    "filename": "sakkal_majalla_roman",
                    "name": "SakkalMajallaRoman",
                    "type": "system_ttf"
                },
                {
                    "filename": "swiss_721_bd",
                    "name": "Swiss721Bold",
                    "type": "system_ttf"
                },
                {
                    "filename": "swiss_721_reg",
                    "name": "Swiss721Regular",
                    "type": "system_ttf"
                }
            ]
        },
        {
            "fontSet": "apac_tha",
            "fonts": [
                {
                    "filename": "bitstreamVeraSans 16",
                    "name": "xtiny"
                },
                {
                    "filename": "bitstreamVeraSans 16",
                    "name": "tiny"
                },
                {
                    "filename": "bitstreamVeraSans 16",
                    "name": "small"
                },
                {
                    "filename": "bitstreamVeraSans 21",
                    "name": "medium"
                },
                {
                    "filename": "bitstreamVeraSans 27",
                    "name": "large"
                },
                {
                    "filename": "FNT_FENIX6S_BIONIC_COND_BOLD_NUMBER_28",
                    "name": "numberMild"
                },
                {
                    "filename": "FNT_FENIX6S_BIONIC_COND_BOLD_NUMBER_34",
                    "name": "numberMedium"
                },
                {
                    "filename": "FNT_FENIX6S_BIONIC_BOLD_NUMBER_46",
                    "name": "numberHot"
                },
                {
                    "filename": "FNT_FENIX6S_BIONIC_BOLD_NUMBER_53",
                    "name": "numberThaiHot"
                },
                {
                    "filename": "bitstreamVeraSans 16",
                    "name": "systemXtiny"
                },
                {
                    "filename": "bitstreamVeraSans 16",
                    "name": "systemTiny"
                },
                {
                    "filename": "bitstreamVeraSans 16",
                    "name": "systemSmall"
                },
                {
                    "filename": "bitstreamVeraSans 21",
                    "name": "systemMedium"
                },
                {
                    "filename": "bitstreamVeraSans 27",
                    "name": "systemLarge"
                },
                {
                    "filename": "FNT_FENIX6S_BIONIC_COND_BOLD_NUMBER_28",
                    "name": "systemNumberMild"
                },
                {
                    "filename": "FNT_FENIX6S_BIONIC_COND_BOLD_NUMBER_34",
                    "name": "systemNumberMedium"
                },
                {
                    "filename": "FNT_FENIX6S_BIONIC_BOLD_NUMBER_46",
                    "name": "systemNumberHot"
                },
                {
                    "filename": "FNT_FENIX6S_BIONIC_BOLD_NUMBER_53",
                    "name": "systemNumberThaiHot"
                },
                {
                    "filename": "bitstreamVeraSans 16",
                    "name": "glanceFont"
                },
                {
                    "filename": "FNT_FENIX6_BIONIC_BOLD_NUMBER_18",
                    "name": "glanceNumberFont"
                },
                {
                    "filename": "FNT_FENIX6S_BIONIC_COND_BOLD_NUMBER_26",
                    "name": "simExtNumber1"
                },
                {
                    "filename": "FNT_FENIX6S_BIONIC_COND_BOLD_NUMBER_42",
                    "name": "simExtNumber2"
                },
                {
                    "filename": "FNT_FENIX6S_BIONIC_BOLD_NUMBER_59",
                    "name": "simExtNumber3"
                },
                {
                    "filename": "Bionic_Bold_Number_Only",
                    "name": "BionicBold",
                    "type": "system_ttf"
                },
                {
                    "filename": "RobotoCondensed-Bold",
                    "name": "RobotoCondensedBold",
                    "type": "system_ttf"
                },
                {
                    "filename": "RobotoCondensed-Regular",
                    "name": "RobotoCondensedRegular",
                    "type": "system_ttf"
                },
                {
                    "filename": "NotoSansSC-Medium-3",
                    "name": "NotoSansSCMedium",
                    "type": "system_ttf"
                },
                {
                    "filename": "Kosugi-Regular-3",
                    "name": "KosugiRegular",
                    "type": "system_ttf"
                },
                {
                    "filename": "NanumGothic-Regular",
                    "name": "NanumGothicRegular",
                    "type": "system_ttf"
                },
                {
                    "filename": "Pridi-Regular_Garmin",
                    "name": "PridiRegularGarmin",
                    "type": "system_ttf"
                },
                {
                    "filename": "sakkal_majalla_bold",
                    "name": "SakkalMajallaBold",
                    "type": "system_ttf"
                },
                {
                    "filename": "sakkal_majalla_roman",
                    "name": "SakkalMajallaRoman",
                    "type": "system_ttf"
                },
                {
                    "filename": "swiss_721_bd",
                    "name": "Swiss721Bold",
                    "type": "system_ttf"
                },
                {
                    "filename": "swiss_721_reg",
                    "name": "Swiss721Regular",
                    "type": "system_ttf"
                }
            ]
        }
    ],
    "glance": {
        "cacheUpdate": false,
        "contentArea": {
            "height": 63,
            "width": 151,
            "x": 70,
            "y": 9
        },
        "iconArea": {
            "height": 40,
            "width": 40,
            "x": 25,
            "y": 20
        },
        "liveUpdates": true
    },
    "graphicsResourcePoolSize": 1048576,
    "image": "fenix7s.png",
    "keys": [
        {
            "behavior": "onSelect",
            "id": "enter",
            "location": {
                "height": 64,
                "width": 39,
                "x": 321,
                "y": 139
            }
        },
        {
            "behavior": "previousPage",
            "id": "up",
            "location": {
                "height": 64,
                "width": 39,
                "x": 3,
                "y": 224
            }
        },
        {
            "behavior": "onMenu",
            "id": "menu",
            "isHold": true,
            "location": {
                "height": 64,
                "width": 39,
                "x": 3,
                "y": 224
            }
        },
        {
            "behavior": "nextPage",
            "id": "down",
            "location": {
                "height": 64,
                "width": 39,
                "x": 21,
                "y": 306
            }
        },
        {
            "id": "clock",
            "isHold": true,
            "location": {
                "height": 64,
                "width": 39,
                "x": 21,
                "y": 306
            }
        },
        {
            "behavior": "onBack",
            "id": "esc",
            "location": {
                "height": 64,
                "width": 39,
                "x": 321,
                "y": 306
            }
        }
    ],
    "layouts": [
        {
            "actionMenu": {
                "area": {
                    "height": 260,
                    "width": 121,
                    "x": 133,
                    "y": 0
                },
                "borderDisplay": {
                    "width": 2
                },
                "borderWidth": 2,
                "colors": {
                    "border": "FFFFFF",
                    "selected": "FFFFFF",
                    "selectedText": "FFFFFF",
                    "text": "AAAAAA"
                },
                "entries": [
                    {
                        "alignment": "left",
                        "height": 20,
                        "selection": true,
                        "spacing": 21,
                        "textPadding": 0,
                        "x": 12,
                        "y": 109
                    }
                ],
                "selectionDisplay": {
                    "height": 42,
                    "width": 4,
                    "x": 5,
                    "y": 99
                },
                "type": "partial"
            },
            "datafields": {
                "datafields": [
                    {
                        "drawBorders": true,
                        "fields": [
                            {
                                "data": {
                                    "font": "simExtNumber3",
                                    "justification": "center",
                                    "width": 192,
                                    "x": 120,
                                    "y": 149
                                },
                                "label": {
                                    "font": "xtiny",
                                    "justification": "center",
                                    "x": 120,
                                    "y": 70
                                },
                                "labelDisabled": false,
                                "location": {
                                    "height": 240,
                                    "width": 240,
                                    "x": 0,
                                    "y": 0
                                },
                                "obscurity": [
                                    "left",
                                    "top",
                                    "right",
                                    "bottom"
                                ]
                            }
                        ],
                        "name": "1 Field"
                    },
                    {
                        "drawBorders": true,
                        "fields": [
                            {
                                "data": {
                                    "font": "numberThaiHot",
                                    "justification": "center",
                                    "width": 154,
                                    "x": 119,
                                    "y": 109
                                },
                                "label": {
                                    "font": "xtiny",
                                    "justification": "center",
                                    "x": 120,
                                    "y": 50
                                },
                                "labelDisabled": false,
                                "location": {
                                    "height": 119,
                                    "width": 240,
                                    "x": 0,
                                    "y": 0
                                },
                                "obscurity": [
                                    "left",
                                    "top",
                                    "right"
                                ]
                            },
                            {
                                "data": {
                                    "font": "numberThaiHot",
                                    "justification": "center",
                                    "width": 154,
                                    "x": 119,
                                    "y": 75
                                },
                                "label": {
                                    "font": "xtiny",
                                    "justification": "center",
                                    "x": 120,
                                    "y": 18
                                },
                                "labelDisabled": false,
                                "location": {
                                    "height": 119,
                                    "width": 240,
                                    "x": 0,
                                    "y": 122
                                },
                                "obscurity": [
                                    "left",
                                    "right",
                                    "bottom"
                                ]
                            }
                        ],
                        "name": "2 Fields"
                    },
                    {
                        "drawBorders": true,
                        "fields": [
                            {
                                "data": {
                                    "font": "numberMedium",
                                    "justification": "center",
                                    "width": 132,
                                    "x": 120,
                                    "y": 71
                                },
                                "label": {
                                    "font": "xtiny",
                                    "justification": "center",
                                    "x": 120,
                                    "y": 30
                                },
                                "labelDisabled": false,
                                "location": {
                                    "height": 76,
                                    "width": 240,
                                    "x": 0,
                                    "y": 0
                                },
                                "obscurity": [
                                    "left",
                                    "top",
                                    "right"
                                ]
                            },
                            {
                                "data": {
                                    "font": "simExtNumber3",
                                    "justification": "center",
                                    "width": 165,
                                    "x": 120,
                                    "y": 80
                                },
                                "label": {
                                    "font": "xtiny",
                                    "justification": "center",
                                    "x": 120,
                                    "y": 15
                                },
                                "labelDisabled": false,
                                "location": {
                                    "height": 84,
                                    "width": 240,
                                    "x": 0,
                                    "y": 78
                                },
                                "obscurity": [
                                    "left",
                                    "right"
                                ]
                            },
                            {
                                "data": {
                                    "font": "numberMedium",
                                    "justification": "center",
                                    "width": 132,
                                    "x": 120,
                                    "y": 56
                                },
                                "label": {
                                    "font": "xtiny",
                                    "justification": "center",
                                    "x": 120,
                                    "y": 16
                                },
                                "labelDisabled": false,
                                "location": {
                                    "height": 76,
                                    "width": 240,
                                    "x": 0,
                                    "y": 164
                                },
                                "obscurity": [
                                    "left",
                                    "right",
                                    "bottom"
                                ]
                            }
                        ],
                        "name": "3 Fields A"
                    },
                    {
                        "drawBorders": false,
                        "fields": [
                            {
                                "data": {
                                    "font": "numberHot",
                                    "justification": "center",
                                    "width": 150,
                                    "x": 120,
                                    "y": 83
                                },
                                "labelDisabled": true,
                                "location": {
                                    "height": 81,
                                    "width": 240,
                                    "x": 0,
                                    "y": 0
                                },
                                "obscurity": [
                                    "left",
                                    "top",
                                    "right"
                                ]
                            },
                            {
                                "data": {
                                    "font": "simExtNumber3",
                                    "justification": "center",
                                    "width": 165,
                                    "x": 120,
                                    "y": 62
                                },
                                "labelDisabled": true,
                                "location": {
                                    "height": 74,
                                    "width": 240,
                                    "x": 0,
                                    "y": 83
                                },
                                "obscurity": [
                                    "left",
                                    "right"
                                ]
                            },
                            {
                                "data": {
                                    "font": "numberHot",
                                    "justification": "center",
                                    "width": 150,
                                    "x": 120,
                                    "y": 52
                                },
                                "labelDisabled": true,
                                "location": {
                                    "height": 81,
                                    "width": 240,
                                    "x": 0,
                                    "y": 159
                                },
                                "obscurity": [
                                    "left",
                                    "right",
                                    "bottom"
                                ]
                            }
                        ],
                        "name": "3 Fields B"
                    },
                    {
                        "drawBorders": true,
                        "fields": [
                            {
                                "data": {
                                    "font": "numberThaiHot",
                                    "justification": "center",
                                    "width": 154,
                                    "x": 120,
                                    "y": 109
                                },
                                "label": {
                                    "font": "xtiny",
                                    "justification": "center",
                                    "x": 120,
                                    "y": 50
                                },
                                "labelDisabled": false,
                                "location": {
                                    "height": 119,
                                    "width": 240,
                                    "x": 0,
                                    "y": 0
                                },
                                "obscurity": [
                                    "left",
                                    "top",
                                    "right"
                                ]
                            },
                            {
                                "data": {
                                    "font": "numberMild",
                                    "justification": "center",
                                    "width": 96,
                                    "x": 66,
                                    "y": 60
                                },
                                "label": {
                                    "font": "xtiny",
                                    "justification": "center",
                                    "x": 64,
                                    "y": 20
                                },
                                "labelDisabled": false,
                                "location": {
                                    "height": 119,
                                    "width": 119,
                                    "x": 0,
                                    "y": 121
                                },
                                "obscurity": [
                                    "left",
                                    "bottom"
                                ]
                            },
                            {
                                "data": {
                                    "font": "numberMild",
                                    "justification": "center",
                                    "width": 96,
                                    "x": 53,
                                    "y": 60
                                },
                                "label": {
                                    "font": "xtiny",
                                    "justification": "center",
                                    "x": 55,
                                    "y": 20
                                },
                                "labelDisabled": false,
                                "location": {
                                    "height": 119,
                                    "width": 119,
                                    "x": 121,
                                    "y": 121
                                },
                                "obscurity": [
                                    "right",
                                    "bottom"
                                ]
                            }
                        ],
                        "name": "3 Fields C"
                    },
                    {
                        "drawBorders": true,
                        "fields": [
                            {
                                "data": {
                                    "font": "simExtNumber1",
                                    "justification": "center",
                                    "width": 112,
                                    "x": 120,
                                    "y": 60
                                },
                                "label": {
                                    "font": "xtiny",
                                    "justification": "center",
                                    "x": 120,
                                    "y": 27
                                },
                                "labelDisabled": false,
                                "location": {
                                    "height": 59,
                                    "width": 240,
                                    "x": 0,
                                    "y": 0
                                },
                                "obscurity": [
                                    "left",
                                    "top",
                                    "right"
                                ]
                            },
                            {
                                "data": {
                                    "font": "numberMedium",
                                    "justification": "center",
                                    "width": 129,
                                    "x": 120,
                                    "y": 54
                                },
                                "label": {
                                    "font": "xtiny",
                                    "justification": "center",
                                    "x": 120,
                                    "y": 15
                                },
                                "labelDisabled": false,
                                "location": {
                                    "height": 59,
                                    "width": 240,
                                    "x": 0,
                                    "y": 61
                                },
                                "obscurity": [
                                    "left",
                                    "right"
                                ]
                            },
                            {
                                "data": {
                                    "font": "numberMedium",
                                    "justification": "center",
                                    "width": 129,
                                    "x": 120,
                                    "y": 54
                                },
                                "label": {
                                    "font": "xtiny",
                                    "justification": "center",
                                    "x": 120,
                                    "y": 15
                                },
                                "labelDisabled": false,
                                "location": {
                                    "height": 59,
                                    "width": 240,
                                    "x": 0,
                                    "y": 121
                                },
                                "obscurity": [
                                    "left",
                                    "right"
                                ]
                            },
                            {
                                "data": {
                                    "font": "simExtNumber1",
                                    "justification": "center",
                                    "width": 112,
                                    "x": 120,
                                    "y": 51
                                },
                                "label": {
                                    "font": "xtiny",
                                    "justification": "center",
                                    "x": 120,
                                    "y": 14
                                },
                                "labelDisabled": false,
                                "location": {
                                    "height": 59,
                                    "width": 240,
                                    "x": 0,
                                    "y": 181
                                },
                                "obscurity": [
                                    "left",
                                    "right",
                                    "bottom"
                                ]
                            }
                        ],
                        "name": "4 Fields A"
                    },
                    {
                        "drawBorders": true,
                        "fields": [
                            {
                                "data": {
                                    "font": "simExtNumber2",
                                    "justification": "center",
                                    "width": 132,
                                    "x": 120,
                                    "y": 80
                                },
                                "label": {
                                    "font": "xtiny",
                                    "justification": "center",
                                    "x": 120,
                                    "y": 31
                                },
                                "labelDisabled": false,
                                "location": {
                                    "height": 85,
                                    "width": 240,
                                    "x": 0,
                                    "y": 0
                                },
                                "obscurity": [
                                    "left",
                                    "top",
                                    "right"
                                ]
                            },
                            {
                                "data": {
                                    "font": "simExtNumber1",
                                    "justification": "center",
                                    "width": 115,
                                    "x": 62,
                                    "y": 59
                                },
                                "label": {
                                    "font": "xtiny",
                                    "justification": "center",
                                    "x": 63,
                                    "y": 19
                                },
                                "labelDisabled": false,
                                "location": {
                                    "height": 66,
                                    "width": 119,
                                    "x": 0,
                                    "y": 87
                                },
                                "obscurity": [
                                    "left"
                                ]
                            },
                            {
                                "data": {
                                    "font": "simExtNumber1",
                                    "justification": "center",
                                    "width": 115,
                                    "x": 58,
                                    "y": 59
                                },
                                "label": {
                                    "font": "xtiny",
                                    "justification": "center",
                                    "x": 55,
                                    "y": 19
                                },
                                "labelDisabled": false,
                                "location": {
                                    "height": 66,
                                    "width": 119,
                                    "x": 121,
                                    "y": 87
                                },
                                "obscurity": [
                                    "right"
                                ]
                            },
                            {
                                "data": {
                                    "font": "simExtNumber2",
                                    "justification": "center",
                                    "width": 132,
                                    "x": 120,
                                    "y": 63
                                },
                                "label": {
                                    "font": "xtiny",
                                    "justification": "center",
                                    "x": 120,
                                    "y": 16
                                },
                                "labelDisabled": false,
                                "location": {
                                    "height": 85,
                                    "width": 240,
                                    "x": 0,
                                    "y": 156
                                },
                                "obscurity": [
                                    "left",
                                    "right",
                                    "bottom"
                                ]
                            }
                        ],
                        "name": "4 Fields B"
                    },
                    {
                        "drawBorders": true,
                        "fields": [
                            {
                                "data": {
                                    "font": "numberMild",
                                    "justification": "center",
                                    "width": 96,
                                    "x": 66,
                                    "y": 108
                                },
                                "label": {
                                    "font": "xtiny",
                                    "justification": "center",
                                    "x": 67,
                                    "y": 68
                                },
                                "labelDisabled": false,
                                "location": {
                                    "height": 119,
                                    "width": 119,
                                    "x": 0,
                                    "y": 0
                                },
                                "obscurity": [
                                    "left",
                                    "top"
                                ]
                            },
                            {
                                "data": {
                                    "font": "numberMild",
                                    "justification": "center",
                                    "width": 96,
                                    "x": 54,
                                    "y": 108
                                },
                                "label": {
                                    "font": "xtiny",
                                    "justification": "center",
                                    "x": 51,
                                    "y": 68
                                },
                                "labelDisabled": false,
                                "location": {
                                    "height": 119,
                                    "width": 119,
                                    "x": 121,
                                    "y": 0
                                },
                                "obscurity": [
                                    "top",
                                    "right"
                                ]
                            },
                            {
                                "data": {
                                    "font": "numberMild",
                                    "justification": "center",
                                    "width": 96,
                                    "x": 66,
                                    "y": 60
                                },
                                "label": {
                                    "font": "xtiny",
                                    "justification": "center",
                                    "x": 67,
                                    "y": 21
                                },
                                "labelDisabled": false,
                                "location": {
                                    "height": 119,
                                    "width": 119,
                                    "x": 0,
                                    "y": 121
                                },
                                "obscurity": [
                                    "left",
                                    "bottom"
                                ]
                            },
                            {
                                "data": {
                                    "font": "numberMild",
                                    "justification": "center",
                                    "width": 96,
                                    "x": 54,
                                    "y": 60
                                },
                                "label": {
                                    "font": "xtiny",
                                    "justification": "center",
                                    "x": 51,
                                    "y": 21
                                },
                                "labelDisabled": false,
                                "location": {
                                    "height": 119,
                                    "width": 119,
                                    "x": 121,
                                    "y": 121
                                },
                                "obscurity": [
                                    "right",
                                    "bottom"
                                ]
                            }
                        ],
                        "name": "4 Fields C"
                    },
                    {
                        "drawBorders": true,
                        "fields": [
                            {
                                "data": {
                                    "font": "simExtNumber1",
                                    "justification": "center",
                                    "width": 112,
                                    "x": 120,
                                    "y": 57
                                },
                                "label": {
                                    "font": "xtiny",
                                    "justification": "center",
                                    "x": 120,
                                    "y": 27
                                },
                                "labelDisabled": false,
                                "location": {
                                    "height": 59,
                                    "width": 240,
                                    "x": 0,
                                    "y": 0
                                },
                                "obscurity": [
                                    "left",
                                    "top",
                                    "right"
                                ]
                            },
                            {
                                "data": {
                                    "font": "numberMedium",
                                    "justification": "center",
                                    "width": 129,
                                    "x": 120,
                                    "y": 54
                                },
                                "label": {
                                    "font": "xtiny",
                                    "justification": "center",
                                    "x": 120,
                                    "y": 15
                                },
                                "labelDisabled": false,
                                "location": {
                                    "height": 59,
                                    "width": 240,
                                    "x": 0,
                                    "y": 61
                                },
                                "obscurity": [
                                    "left",
                                    "right"
                                ]
                            },
                            {
                                "data": {
                                    "font": "simExtNumber1",
                                    "justification": "center",
                                    "width": 96,
                                    "x": 60,
                                    "y": 46
                                },
                                "label": {
                                    "font": "xtiny",
                                    "justification": "center",
                                    "x": 59,
                                    "y": 15
                                },
                                "labelDisabled": false,
                                "location": {
                                    "height": 59,
                                    "width": 119,
                                    "x": 0,
                                    "y": 121
                                },
                                "obscurity": [
                                    "left"
                                ]
                            },
                            {
                                "data": {
                                    "font": "simExtNumber1",
                                    "justification": "center",
                                    "width": 96,
                                    "x": 60,
                                    "y": 48
                                },
                                "label": {
                                    "font": "xtiny",
                                    "justification": "center",
                                    "x": 59,
                                    "y": 15
                                },
                                "labelDisabled": false,
                                "location": {
                                    "height": 59,
                                    "width": 119,
                                    "x": 121,
                                    "y": 121
                                },
                                "obscurity": [
                                    "right"
                                ]
                            },
                            {
                                "data": {
                                    "font": "simExtNumber1",
                                    "justification": "center",
                                    "width": 112,
                                    "x": 120,
                                    "y": 46
                                },
                                "label": {
                                    "font": "xtiny",
                                    "justification": "center",
                                    "x": 120,
                                    "y": 16
                                },
                                "labelDisabled": false,
                                "location": {
                                    "height": 59,
                                    "width": 240,
                                    "x": 0,
                                    "y": 181
                                },
                                "obscurity": [
                                    "left",
                                    "right",
                                    "bottom"
                                ]
                            }
                        ],
                        "name": "5 Fields"
                    },
                    {
                        "drawBorders": true,
                        "fields": [
                            {
                                "data": {
                                    "font": "simExtNumber1",
                                    "justification": "center",
                                    "width": 112,
                                    "x": 120,
                                    "y": 57
                                },
                                "label": {
                                    "font": "xtiny",
                                    "justification": "center",
                                    "x": 120,
                                    "y": 27
                                },
                                "labelDisabled": false,
                                "location": {
                                    "height": 59,
                                    "width": 240,
                                    "x": 0,
                                    "y": 0
                                },
                                "obscurity": [
                                    "left",
                                    "top",
                                    "right"
                                ]
                            },
                            {
                                "data": {
                                    "font": "simExtNumber1",
                                    "justification": "center",
                                    "width": 96,
                                    "x": 60,
                                    "y": 55
                                },
                                "label": {
                                    "font": "xtiny",
                                    "justification": "center",
                                    "x": 59,
                                    "y": 22
                                },
                                "labelDisabled": false,
                                "location": {
                                    "height": 59,
                                    "width": 119,
                                    "x": 0,
                                    "y": 61
                                },
                                "obscurity": [
                                    "left"
                                ]
                            },
                            {
                                "data": {
                                    "font": "simExtNumber1",
                                    "justification": "center",
                                    "width": 96,
                                    "x": 60,
                                    "y": 55
                                },
                                "label": {
                                    "font": "xtiny",
                                    "justification": "center",
                                    "x": 59,
                                    "y": 22
                                },
                                "labelDisabled": false,
                                "location": {
                                    "height": 59,
                                    "width": 119,
                                    "x": 121,
                                    "y": 61
                                },
                                "obscurity": [
                                    "right"
                                ]
                            },
                            {
                                "data": {
                                    "font": "simExtNumber1",
                                    "justification": "center",
                                    "width": 96,
                                    "x": 60,
                                    "y": 48
                                },
                                "label": {
                                    "font": "xtiny",
                                    "justification": "center",
                                    "x": 59,
                                    "y": 15
                                },
                                "labelDisabled": false,
                                "location": {
                                    "height": 59,
                                    "width": 119,
                                    "x": 0,
                                    "y": 121
                                },
                                "obscurity": [
                                    "left"
                                ]
                            },
                            {
                                "data": {
                                    "font": "simExtNumber1",
                                    "justification": "center",
                                    "width": 96,
                                    "x": 60,
                                    "y": 48
                                },
                                "label": {
                                    "font": "xtiny",
                                    "justification": "center",
                                    "x": 59,
                                    "y": 15
                                },
                                "labelDisabled": false,
                                "location": {
                                    "height": 59,
                                    "width": 119,
                                    "x": 121,
                                    "y": 121
                                },
                                "obscurity": [
                                    "right"
                                ]
                            },
                            {
                                "data": {
                                    "font": "simExtNumber1",
                                    "justification": "center",
                                    "width": 112,
                                    "x": 120,
                                    "y": 46
                                },
                                "label": {
                                    "font": "xtiny",
                                    "justification": "center",
                                    "x": 120,
                                    "y": 16
                                },
                                "labelDisabled": false,
                                "location": {
                                    "height": 59,
                                    "width": 240,
                                    "x": 0,
                                    "y": 181
                                },
                                "obscurity": [
                                    "left",
                                    "right",
                                    "bottom"
                                ]
                            }
                        ],
                        "name": "6 Fields"
                    }
                ]
            },
            "map": [
                {
                    "file": "map_toggle_option_1.png",
                    "id": "toggleOption1",
                    "x": 195,
                    "y": 43
                },
                {
                    "file": "map_toggle_option_2.png",
                    "id": "toggleOption2",
                    "x": 195,
                    "y": 43
                },
                {
                    "file": "map_toggle_option_3.png",
                    "id": "toggleOption3",
                    "x": 195,
                    "y": 43
                },
                {
                    "file": "map_zoom_in.png",
                    "id": "zoomIn",
                    "x": 5,
                    "y": 106
                },
                {
                    "file": "map_zoom_out.png",
                    "id": "zoomOut",
                    "x": 25,
                    "y": 166
                },
                {
                    "file": "map_pan_up.png",
                    "id": "panUp",
                    "x": 5,
                    "y": 106
                },
                {
                    "file": "map_pan_down.png",
                    "id": "panDown",
                    "x": 25,
                    "y": 166
                },
                {
                    "file": "map_pan_left.png",
                    "id": "panLeft",
                    "x": 5,
                    "y": 106
                },
                {
                    "file": "map_pan_right.png",
                    "id": "panRight",
                    "x": 25,
                    "y": 166
                },
                {
                    "file": "map_pointer.png",
                    "id": "centerPointer",
                    "x": 97,
                    "y": 97
                },
                {
                    "file": "navigation_pointer.png",
                    "id": "navigationPointer",
                    "x": 105,
                    "y": 105
                }
            ],
            "menu2": {
                "customFooter": {
                    "height": 53,
                    "width": 126,
                    "x": 57,
                    "y": 19
                },
                "customTitle": {
                    "height": 53,
                    "width": 126,
                    "x": 57,
                    "y": 19
                },
                "doneButtons": {
                    "bottom": true,
                    "top": true
                },
                "focusArrowPoints": [
                    {
                        "x": 10,
                        "y": 0
                    },
                    {
                        "x": 13,
                        "y": 0
                    },
                    {
                        "x": 13,
                        "y": 50
                    },
                    {
                        "x": 10,
                        "y": 50
                    },
                    {
                        "x": 10,
                        "y": 0
                    }
                ],
                "footer": {
                    "height": 72,
                    "width": 240,
                    "x": 0,
                    "y": 0
                },
                "footerString": {
                    "font": "tiny",
                    "width": 120,
                    "x": 120,
                    "y": 42
                },
                "items": {
                    "checks": [
                        {
                            "alignment": "left",
                            "disabledIconFile": "menu2_check_off.png",
                            "enabledIconFile": "menu2_check_on.png",
                            "x": 0,
                            "y": 20
                        },
                        {
                            "alignment": "right",
                            "disabledIconFile": "menu2_check_off.png",
                            "enabledIconFile": "menu2_check_on.png",
                            "x": 157,
                            "y": 20
                        }
                    ],
                    "icons": {
                        "check": "left",
                        "icon": "left",
                        "leftLocation": {
                            "height": 45,
                            "width": 40,
                            "x": 0,
                            "y": 15
                        },
                        "rightLocation": {
                            "height": 45,
                            "width": 40,
                            "x": 157,
                            "y": 15
                        },
                        "toggle": "right"
                    },
                    "item": {
                        "height": 80,
                        "labelFont": "small",
                        "subLabelFont": "tiny",
                        "width": 220,
                        "xOffset": 20,
                        "xOffsetItem": 20
                    },
                    "region": {
                        "height": 80,
                        "width": 214,
                        "x": 0,
                        "y": 0
                    },
                    "stringWidths": {
                        "basic": 1191,
                        "check": 1103,
                        "icon": 1103,
                        "toggle": 1180
                    },
                    "subItem": {
                        "height": 51,
                        "labelFont": "tiny",
                        "labelWidth": 178,
                        "yOffset": 2
                    },
                    "toggles": [
                        {
                            "alignment": "left",
                            "disabledIconFile": "dtoggle_off.png",
                            "enabledIconFile": "dtoggle_on.png",
                            "x": 0,
                            "y": 15
                        },
                        {
                            "alignment": "right",
                            "disabledIconFile": "dtoggle_off.png",
                            "enabledIconFile": "dtoggle_on.png",
                            "x": 180,
                            "y": 15
                        }
                    ]
                },
                "mode": "touchButton",
                "title": {
                    "height": 72,
                    "width": 240,
                    "x": 0,
                    "y": 0
                },
                "titleString": {
                    "font": "tiny",
                    "width": 120,
                    "x": 120,
                    "y": 42
                }
            },
            "notification": {
                "autoDismissTime": 30000,
                "body": {
                    "font": "small",
                    "height": 988,
                    "lineCount": 50,
                    "lineSpacing": 1,
                    "width": 208,
                    "x": 15,
                    "y": 103
                },
                "height": 92,
                "icon": {
                    "height": 28,
                    "previewHeight": 40,
                    "previewWidth": 40,
                    "previewX": 119,
                    "previewY": 25,
                    "width": 28,
                    "x": 120,
                    "y": 14
                },
                "mode": "preview",
                "showIcon": true,
                "showSubtitle": true,
                "subtitle": {
                    "font": "small",
                    "height": 69,
                    "lineCount": 10,
                    "lineSpacing": 1,
                    "width": 208,
                    "x": 16,
                    "y": 170
                },
                "title": {
                    "font": "medium",
                    "height": 87,
                    "lineCount": 2,
                    "lineSpacing": 1,
                    "previewFont": "small",
                    "previewLineCount": 1,
                    "width": 192,
                    "x": 23,
                    "y": 69
                },
                "type": "partial",
                "width": 240,
                "x": 0,
                "y": 0,
                "yPadding": 25
            },
            "orientation": "portrait",
            "pageIndicator": {
                "colors": {
                    "background": "FFFFFF",
                    "outline": "FFFFFF",
                    "selected": "000000"
                },
                "location": "left",
                "timeout": 5000,
                "type": "arc"
            },
            "picker": {
                "entries": [
                    {
                        "height": 132,
                        "width": 65,
                        "x": 11,
                        "y": 80
                    },
                    {
                        "height": 132,
                        "width": 65,
                        "x": 87,
                        "y": 80
                    },
                    {
                        "height": 132,
                        "width": 65,
                        "x": 164,
                        "y": 80
                    }
                ],
                "nextArrow": {
                    "height": 22,
                    "width": 34,
                    "x": 103,
                    "y": 74
                },
                "previousArrow": {
                    "height": 22,
                    "width": 34,
                    "x": 103,
                    "y": 190
                },
                "showConfirm": true,
                "title": {
                    "height": 66,
                    "width": 240,
                    "x": 0,
                    "y": 0
                }
            },
            "toast": {
                "autoDismissTime": 8000,
                "height": 81,
                "icon": {
                    "height": 40,
                    "width": 40,
                    "x": 120,
                    "y": 26
                },
                "text": {
                    "font": "small",
                    "height": 79,
                    "lineCount": 1,
                    "shortenWithEllipsis": true,
                    "staticJustification": 5,
                    "width": 200,
                    "x": 20,
                    "y": 62
                },
                "type": "partial"
            }
        }
    ],
    "ppi": 202,
    "redshiftSupport": true,
    "sensorHistory": [
        {
            "interval": 60,
            "size": 360,
            "type": "heartrate"
        },
        {
            "interval": 120,
            "size": 180,
            "type": "elevation"
        },
        {
            "interval": 120,
            "size": 180,
            "type": "temperature"
        },
        {
            "interval": 120,
            "size": 180,
            "type": "pressure"
        },
        {
            "interval": 3600,
            "size": 192,
            "type": "pulseox"
        }
    ],
    "sensorSampleRate": {
        "highFrequencyRate": true,
        "maxAccelRate": 100,
        "maxGyroRate": 100,
        "maxMagRate": 50
    },
    "solarChargingSupport": true,
    "watchdogCount": 240000,
    "wifiExclusions": [
        "normal"
    ]
}